CustomerID,Age,SubscriptionType,MonthlyCharges,TenureMonths,SupportTickets,SatisfactionScore,UsageHoursPerWeek,Churn
1001,56,Basic,1745,56,2,5,17,No
1002,46,Basic,668,23,3,3,37,No
1003,32,Basic,411,44,4,7,15,No
1004,60,Enterprise,1335,25,3,1,9,No
1005,25,Premium,1231,27,0,9,32,No
1006,38,Premium,1003,41,7,2,23,Yes
1007,56,Basic,676,6,2,8,11,No
1008,36,Basic,1073,55,5,10,13,No
1009,40,Premium,659,34,1,4,18,No
1010,28,Premium,452,9,1,6,9,No
1011,28,Basic,1749,49,1,9,5,No
1012,41,Premium,951,33,3,7,22,No
1013,53,Premium,1661,51,3,8,32,No
1014,57,Basic,1977,6,1,7,2,No
1015,41,Basic,1180,37,3,2,21,No
1016,20,Premium,1053,31,3,9,28,No
1017,39,Basic,1884,34,7,1,24,Yes
1018,19,Basic,435,41,4,2,24,No
1019,41,Basic,1529,29,3,3,14,No
1020,61,Basic,677,58,3,3,37,No
1021,47,Premium,878,14,1,10,27,No
1022,55,Premium,1243,36,5,4,24,No
1023,19,Basic,415,36,2,5,6,No
1024,38,Enterprise,1054,53,2,6,26,No
1025,50,Enterprise,334,15,2,1,15,No
1026,29,Enterprise,1104,8,5,8,29,No
1027,39,Basic,1352,26,2,6,36,No
1028,61,Basic,609,36,1,10,10,No
1029,42,Enterprise,1645,48,7,9,28,No
1030,44,Premium,1517,21,6,5,9,No
1031,59,Basic,1469,28,2,7,21,No
1032,45,Basic,1924,4,2,4,10,Yes
1033,33,Basic,1779,16,3,6,4,No
1034,32,Enterprise,285,22,4,6,4,No
1035,64,Premium,755,12,2,4,6,Yes
1036,61,Basic,1598,16,2,6,26,No
1037,20,Basic,1669,51,2,8,16,No
1038,54,Premium,577,40,4,5,8,No
1039,24,Premium,1613,38,5,2,28,No
1040,38,Basic,1880,42,3,9,16,No
1041,26,Premium,1274,37,3,4,38,No
1042,56,Enterprise,441,29,2,4,1,Yes
1043,35,Basic,1517,18,5,7,19,No
1044,21,Premium,1119,10,2,10,17,No
1045,42,Basic,1786,42,3,10,28,No
1046,31,Premium,465,39,3,6,12,No
1047,26,Premium,1343,18,2,4,6,Yes
1048,43,Premium,911,1,1,6,7,Yes
1049,19,Premium,1471,39,1,3,8,No
1050,37,Basic,269,21,4,7,3,No
1051,45,Enterprise,256,1,1,6,21,No
1052,64,Premium,1605,15,3,3,8,No
1053,24,Basic,238,4,2,1,28,Yes
1054,61,Premium,1000,20,1,10,30,No
1055,25,Premium,1666,10,6,5,32,No
1056,64,Basic,1241,23,2,10,11,No
1057,52,Enterprise,931,41,4,2,20,No
1058,31,Enterprise,1024,34,4,7,16,No
1059,34,Basic,955,46,7,7,25,No
1060,53,Enterprise,551,48,2,4,9,No
1061,57,Basic,1521,33,8,6,39,No
1062,21,Basic,482,34,3,1,3,Yes
1063,19,Basic,1809,39,4,2,16,No
1064,23,Enterprise,309,10,4,6,12,No
1065,59,Premium,1216,54,5,2,15,No
1066,21,Basic,1403,20,1,4,4,Yes
1067,46,Basic,743,1,3,4,23,Yes
1068,35,Premium,1969,13,2,10,27,No
1069,43,Basic,224,1,1,9,39,No
1070,61,Enterprise,1042,5,2,10,37,No
1071,51,Premium,990,16,3,7,13,No
1072,27,Premium,937,15,7,7,37,No
1073,53,Enterprise,256,49,4,1,21,No
1074,31,Basic,379,28,1,5,29,No
1075,48,Enterprise,431,31,1,3,29,No
1076,32,Premium,542,23,1,3,11,No
1077,25,Premium,676,48,4,6,28,No
1078,31,Basic,775,45,6,4,10,Yes
1079,40,Enterprise,654,43,6,8,5,Yes
1080,57,Basic,1455,17,0,4,25,No
1081,38,Basic,488,49,8,8,33,No
1082,33,Basic,1436,34,3,4,17,No
1083,62,Premium,457,13,4,3,33,No
1084,35,Premium,729,14,2,5,25,No
1085,64,Premium,886,11,2,5,33,No
1086,41,Enterprise,1128,28,2,10,9,No
1087,43,Basic,428,42,0,10,27,No
1088,42,Premium,1449,32,6,1,25,Yes
1089,62,Basic,795,35,4,8,4,No
1090,58,Enterprise,634,59,3,8,9,No
1091,46,Premium,1081,31,3,8,15,No
1092,32,Premium,1220,17,1,10,16,No
1093,62,Premium,1981,47,5,4,16,No
1094,18,Basic,601,9,3,9,13,No
1095,42,Basic,821,10,4,10,14,No
1096,24,Premium,1989,8,2,3,22,No
1097,26,Basic,287,21,0,7,21,No
1098,41,Basic,783,13,1,6,9,No
1099,18,Basic,1765,59,1,9,4,No
1100,61,Premium,1907,50,4,4,10,No
1101,25,Basic,508,5,0,4,35,Yes
1102,41,Basic,1105,6,2,6,9,No
1103,28,Premium,542,30,3,8,16,No
1104,34,Premium,635,31,3,3,18,No
1105,25,Basic,376,17,3,8,10,No
1106,52,Basic,338,11,1,8,21,No
1107,52,Basic,393,20,2,7,15,No
1108,50,Basic,1409,48,3,7,15,No
1109,22,Basic,1441,9,4,5,11,No
1110,59,Premium,1387,2,4,2,37,Yes
1111,56,Premium,1384,37,1,2,20,No
1112,58,Premium,1142,1,0,10,34,No
1113,45,Basic,724,4,3,8,22,No
1114,24,Premium,1824,36,4,6,18,No
1115,26,Basic,1265,54,0,8,16,No
1116,25,Enterprise,1114,58,1,3,5,Yes
1117,29,Premium,409,25,4,1,1,Yes
1118,51,Basic,940,3,2,6,19,No
1119,50,Premium,1061,9,5,2,10,No
1120,40,Basic,1498,22,5,9,21,No
1121,41,Premium,1153,23,4,5,13,No
1122,54,Basic,1502,12,2,5,24,No
1123,52,Basic,1474,10,5,10,23,No
1124,61,Enterprise,1533,34,6,8,23,No
1125,57,Basic,1943,43,1,6,11,No
1126,39,Premium,1032,10,2,3,2,Yes
1127,44,Basic,339,30,2,9,6,No
1128,52,Premium,991,22,2,10,11,No
1129,18,Premium,745,6,3,4,15,No
1130,52,Premium,1216,50,1,10,9,No
1131,54,Basic,1753,2,4,4,12,Yes
1132,64,Basic,256,30,2,2,36,No
1133,31,Basic,311,2,0,3,28,Yes
1134,20,Basic,204,32,1,4,23,No
1135,18,Premium,1633,42,5,7,27,No
1136,22,Enterprise,1637,16,5,3,24,No
1137,43,Enterprise,1405,12,3,8,14,No
1138,31,Premium,1236,1,2,8,35,No
1139,56,Premium,1562,53,1,10,27,No
1140,44,Premium,1482,8,2,2,21,No
1141,26,Basic,289,48,3,4,13,No
1142,32,Enterprise,815,50,3,8,8,No
1143,32,Premium,1090,13,5,1,34,No
1144,43,Premium,897,15,3,1,23,No
1145,59,Basic,1473,53,2,4,9,No
1146,30,Basic,1478,44,5,2,1,Yes
1147,49,Basic,1811,8,3,1,36,No
1148,56,Enterprise,1097,10,4,8,16,No
1149,49,Premium,1170,46,4,2,25,No
1150,21,Basic,1331,5,4,4,18,Yes
1151,47,Enterprise,867,50,5,3,34,No
1152,54,Basic,793,19,4,2,38,No
1153,40,Basic,788,47,4,8,3,No
1154,56,Basic,684,38,0,3,20,No
1155,62,Premium,1181,59,4,9,19,No
1156,32,Enterprise,1171,11,2,10,13,No
1157,60,Basic,1481,53,5,5,17,No
1158,46,Enterprise,838,43,5,9,14,No
1159,53,Basic,1196,20,2,3,30,No
1160,30,Enterprise,481,20,4,5,22,No
1161,49,Premium,1185,21,0,10,29,No
1162,24,Premium,1311,18,2,6,2,No
1163,39,Basic,1427,57,0,9,8,No
1164,45,Enterprise,215,50,6,8,14,No
1165,19,Premium,1374,10,4,2,34,No
1166,59,Basic,1135,34,5,2,13,No
1167,62,Premium,453,26,6,5,10,No
1168,23,Basic,1411,30,5,5,8,No
1169,45,Enterprise,528,9,5,5,7,No
1170,45,Basic,743,46,2,4,13,No
1171,61,Premium,982,51,3,8,26,No
1172,61,Premium,1196,31,9,5,32,No
1173,37,Basic,1620,42,0,1,19,No
1174,47,Basic,1740,55,1,10,15,No
1175,28,Basic,1682,4,3,5,2,Yes
1176,45,Basic,1553,6,6,1,37,Yes
1177,42,Basic,1044,14,1,4,19,No
1178,56,Premium,1392,4,5,1,33,Yes
1179,50,Basic,1916,26,3,6,39,No
1180,18,Basic,565,47,5,6,33,No
1181,44,Premium,1401,48,7,1,1,Yes
1182,30,Basic,854,39,5,8,39,No
1183,58,Enterprise,1585,17,6,4,28,Yes
1184,20,Enterprise,959,19,1,2,17,No
1185,56,Premium,838,51,2,1,6,Yes
1186,23,Premium,1998,49,1,3,20,No
1187,25,Enterprise,1263,6,5,7,13,No
1188,44,Basic,1123,29,2,10,12,No
1189,26,Basic,615,11,2,10,30,No
1190,54,Basic,1578,16,2,8,21,No
1191,50,Premium,454,30,2,5,2,No
1192,59,Basic,1366,25,2,7,18,No
1193,61,Premium,1975,40,2,2,28,No
1194,41,Enterprise,1963,11,6,4,4,Yes
1195,32,Enterprise,909,7,0,6,6,No
1196,49,Premium,776,26,1,5,38,No
1197,49,Basic,1099,56,4,6,9,No
1198,41,Premium,210,22,6,2,20,Yes
1199,58,Premium,1843,25,3,7,30,No
1200,29,Basic,225,19,3,8,37,No
1201,56,Basic,1156,31,3,9,38,No
1202,19,Enterprise,620,26,4,6,4,No
1203,20,Premium,1886,42,1,7,38,No
1204,54,Premium,1444,41,4,1,13,No
1205,34,Enterprise,695,36,4,9,35,No
1206,19,Premium,1460,23,4,6,30,No
1207,19,Premium,436,47,1,4,4,Yes
1208,45,Basic,1208,13,2,10,25,No
1209,40,Basic,418,25,1,9,31,No
1210,54,Basic,1710,2,2,1,12,Yes
1211,49,Premium,660,2,2,2,15,Yes
1212,50,Premium,862,16,3,3,26,No
1213,18,Enterprise,834,9,2,1,10,No
1214,36,Basic,1367,28,5,2,12,No
1215,19,Premium,1189,13,5,2,22,No
1216,61,Premium,388,35,3,7,21,No
1217,43,Premium,454,41,5,10,35,No
1218,49,Premium,267,13,3,6,7,No
1219,23,Basic,815,31,8,9,18,No
1220,49,Premium,535,21,8,5,27,No
1221,21,Basic,870,32,4,9,35,No
1222,28,Basic,1020,54,1,10,2,No
1223,34,Basic,1073,34,0,9,32,No
1224,55,Premium,1632,8,3,2,15,No
1225,41,Enterprise,499,59,4,9,24,No
1226,22,Premium,1825,41,3,3,20,No
1227,51,Premium,556,48,6,3,10,Yes
1228,23,Premium,455,2,4,9,24,No
1229,39,Premium,1207,38,4,7,24,No
1230,28,Basic,552,32,3,8,24,No
1231,33,Basic,1955,54,2,7,34,No
1232,50,Basic,1744,40,5,9,11,No
1233,26,Basic,723,58,4,8,26,No
1234,23,Basic,1149,28,3,4,1,Yes
1235,33,Basic,955,37,5,2,30,No
1236,46,Basic,1917,41,2,5,18,No
1237,20,Enterprise,483,1,2,2,26,Yes
1238,37,Basic,1535,41,2,4,9,No
1239,53,Basic,298,10,3,2,9,No
1240,36,Basic,396,55,3,5,1,No
1241,43,Premium,681,4,3,6,7,Yes
1242,20,Basic,1077,35,0,1,16,No
1243,36,Basic,1449,10,4,8,38,No
1244,37,Premium,814,47,4,2,11,No
1245,49,Basic,817,11,2,5,25,No
1246,24,Basic,1588,14,4,8,29,No
1247,58,Basic,567,38,2,5,19,No
1248,50,Basic,769,12,1,3,18,No
1249,57,Basic,789,45,1,6,29,No
1250,56,Basic,1298,17,1,1,16,No
1251,35,Premium,1265,16,1,1,8,No
1252,57,Premium,621,35,2,8,34,No
1253,18,Premium,1035,2,1,7,6,Yes
1254,28,Basic,1404,11,5,10,30,No
1255,45,Enterprise,744,41,2,10,34,No
1256,42,Basic,270,3,1,3,21,Yes
1257,40,Basic,1791,29,3,8,12,No
1258,48,Premium,1328,18,5,8,6,No
1259,47,Basic,1423,20,3,1,39,No
1260,59,Basic,1324,47,3,10,6,No
1261,52,Premium,967,14,1,7,4,No
1262,24,Enterprise,506,34,2,2,9,No
1263,33,Basic,1809,49,3,2,5,Yes
1264,43,Premium,1906,54,2,2,10,No
1265,19,Enterprise,576,31,4,5,8,No
1266,18,Basic,854,58,4,7,23,No
1267,29,Basic,877,40,4,4,4,Yes
1268,22,Basic,598,42,2,4,37,No
1269,54,Basic,1996,58,3,9,7,No
1270,49,Basic,420,18,1,10,6,No
1271,26,Enterprise,1818,30,3,9,15,No
1272,58,Premium,381,25,2,7,35,No
1273,52,Premium,506,19,0,10,32,No
1274,36,Basic,721,8,3,4,14,No
1275,33,Premium,1619,28,4,8,35,No
1276,20,Enterprise,1213,8,1,10,11,No
1277,37,Premium,203,31,2,3,10,No
1278,41,Basic,1062,3,5,3,17,Yes
1279,50,Premium,1047,3,0,7,13,No
1280,41,Basic,1003,44,1,9,34,No
1281,28,Basic,1504,22,2,4,5,Yes
1282,25,Basic,414,17,2,4,10,No
1283,53,Premium,1171,36,2,1,32,No
1284,55,Premium,1833,17,4,1,12,No
1285,57,Basic,1643,14,3,3,13,No
1286,37,Basic,300,51,3,7,21,No
1287,52,Basic,1162,9,2,9,33,No
1288,42,Basic,1744,30,3,4,32,No
1289,52,Basic,772,21,1,2,12,No
1290,42,Basic,1532,12,2,6,35,No
1291,46,Premium,857,37,0,6,36,No
1292,35,Basic,1138,32,4,9,38,No
1293,63,Basic,1733,11,4,4,28,No
1294,35,Basic,1286,20,6,8,13,No
1295,19,Enterprise,1856,35,3,3,12,No
1296,52,Premium,425,53,4,2,22,No
1297,33,Premium,304,47,1,9,2,No
1298,58,Basic,971,46,3,6,29,No
1299,53,Premium,1648,11,1,8,13,No
1300,50,Basic,1478,52,3,10,35,No
1301,21,Premium,628,8,2,9,13,No
1302,50,Enterprise,633,4,5,1,34,Yes
1303,31,Premium,1430,27,4,1,19,No
1304,38,Enterprise,1251,44,1,5,9,No
1305,37,Premium,881,40,4,9,31,No
1306,25,Basic,1559,38,2,7,33,No
1307,24,Enterprise,787,47,1,7,27,No
1308,20,Basic,1851,30,6,2,2,Yes
1309,34,Premium,1292,44,1,3,15,No
1310,50,Basic,1065,48,4,4,19,No
1311,29,Basic,945,48,4,2,31,No
1312,39,Basic,1736,27,6,10,16,No
1313,39,Basic,1390,21,6,9,15,No
1314,63,Basic,1063,52,1,5,6,No
1315,47,Premium,1953,20,4,7,14,No
1316,55,Basic,567,4,6,9,27,Yes
1317,55,Basic,450,11,6,5,38,No
1318,62,Premium,1058,13,2,6,19,No
1319,25,Basic,1055,9,4,4,37,No
1320,44,Premium,1909,4,4,8,4,Yes
1321,44,Premium,1393,12,3,1,26,No
1322,51,Premium,1981,9,2,1,9,No
1323,38,Premium,1313,13,0,5,15,No
1324,47,Basic,760,48,3,10,37,No
1325,50,Premium,1669,26,0,9,4,No
1326,45,Basic,493,38,1,2,26,No
1327,64,Basic,1118,42,3,3,18,No
1328,50,Premium,1373,13,3,8,35,No
1329,22,Basic,1355,39,1,5,29,No
1330,36,Premium,632,28,8,3,24,Yes
1331,21,Premium,258,58,3,6,4,No
1332,52,Enterprise,1168,19,1,6,21,No
1333,34,Enterprise,1035,24,2,5,39,No
1334,61,Basic,398,19,3,5,7,No
1335,45,Basic,414,49,1,6,23,No
1336,47,Premium,1097,13,3,2,21,No
1337,46,Basic,1784,13,3,6,1,No
1338,63,Premium,671,58,5,2,25,No
1339,23,Premium,1967,28,5,3,31,No
1340,52,Premium,446,53,6,2,38,Yes
1341,58,Basic,581,2,4,1,5,Yes
1342,54,Basic,1190,10,1,1,31,No
1343,41,Basic,1462,22,1,9,1,No
1344,46,Basic,1126,13,5,4,30,No
1345,63,Enterprise,1590,58,4,5,18,No
1346,48,Basic,1391,9,3,10,8,No
1347,52,Basic,759,33,1,7,26,No
1348,50,Basic,1274,14,1,2,15,No
1349,38,Premium,1833,48,1,10,19,No
1350,49,Premium,1951,20,1,9,10,No
1351,40,Basic,888,15,2,4,24,No
1352,50,Basic,579,32,0,10,16,No
1353,20,Basic,673,33,0,10,31,No
1354,35,Basic,1303,17,2,1,16,No
1355,42,Premium,896,24,0,8,16,No
1356,59,Premium,1590,30,5,4,28,No
1357,48,Basic,1684,13,4,7,20,No
1358,20,Basic,1110,59,2,3,35,No
1359,57,Enterprise,1762,47,1,9,9,No
1360,63,Basic,1675,48,2,5,10,No
1361,41,Premium,1687,16,1,5,18,No
1362,49,Basic,1159,2,2,3,15,Yes
1363,64,Basic,677,17,5,9,30,No
1364,39,Basic,1203,32,6,3,32,Yes
1365,40,Premium,1125,43,4,2,27,No
1366,19,Enterprise,1643,8,2,9,27,No
1367,44,Basic,906,52,3,9,19,No
1368,59,Basic,1437,3,4,10,10,No
1369,19,Basic,1592,12,1,4,6,Yes
1370,43,Basic,1053,20,0,4,24,No
1371,34,Basic,1337,16,7,10,9,No
1372,57,Basic,1216,14,2,6,27,No
1373,50,Premium,953,16,6,9,7,Yes
1374,26,Basic,702,59,2,8,6,No
1375,60,Basic,1859,53,3,10,33,No
1376,56,Enterprise,1016,49,6,3,21,Yes
1377,46,Basic,787,43,4,6,38,No
1378,59,Enterprise,1534,49,2,7,17,No
1379,43,Basic,1692,51,7,6,31,No
1380,52,Enterprise,907,54,5,3,37,No
1381,42,Premium,1267,33,5,9,11,No
1382,41,Premium,1638,30,0,4,28,No
1383,30,Enterprise,1921,59,2,2,5,Yes
1384,24,Basic,1469,12,1,9,12,No
1385,53,Enterprise,1307,15,5,3,3,Yes
1386,62,Basic,406,18,3,6,38,No
1387,37,Basic,350,28,8,5,2,Yes
1388,18,Basic,867,23,2,2,26,No
1389,25,Premium,727,14,3,1,2,Yes
1390,63,Basic,364,30,2,9,12,No
1391,33,Premium,1116,33,3,3,2,Yes
1392,31,Premium,1368,45,5,7,16,No
1393,29,Premium,1209,15,8,9,30,No
1394,40,Premium,236,7,3,9,36,No
1395,32,Basic,532,15,3,10,4,No
1396,45,Basic,602,52,5,6,11,No
1397,51,Basic,613,42,2,8,24,No
1398,19,Basic,244,46,4,9,18,No
1399,49,Basic,1625,38,3,3,27,No
1400,40,Basic,405,46,5,6,37,No
1401,39,Basic,261,56,4,5,2,No
1402,42,Enterprise,619,57,4,7,15,No
1403,39,Premium,1067,54,2,7,11,No
1404,39,Basic,1691,44,4,9,27,No
1405,59,Premium,1019,11,5,1,23,No
1406,23,Basic,218,29,3,6,35,No
1407,32,Basic,564,31,0,5,30,No
1408,60,Premium,1523,25,3,4,24,No
1409,54,Basic,1230,52,6,10,19,No
1410,50,Basic,1984,54,5,1,29,No
1411,25,Enterprise,627,24,3,4,13,No
1412,61,Enterprise,1340,57,1,10,23,No
1413,61,Premium,779,19,6,7,12,No
1414,22,Premium,1730,2,3,4,29,Yes
1415,56,Premium,745,22,2,1,6,Yes
1416,21,Basic,1929,20,3,10,23,No
1417,23,Basic,524,33,6,1,31,Yes
1418,62,Basic,254,8,1,1,21,No
1419,49,Basic,977,25,3,10,24,No
1420,47,Premium,1191,46,1,5,8,No
1421,64,Basic,241,9,4,7,9,No
1422,52,Enterprise,1520,34,1,9,22,No
1423,57,Enterprise,430,57,2,8,4,No
1424,33,Premium,652,23,5,2,13,No
1425,30,Premium,593,5,2,9,34,No
1426,59,Enterprise,1745,55,3,4,3,Yes
1427,47,Basic,1581,25,4,10,37,No
1428,36,Premium,1667,8,3,5,28,No
1429,34,Basic,1351,16,6,5,26,No
1430,36,Premium,890,54,3,4,34,No
1431,45,Basic,1628,48,3,6,15,No
1432,43,Enterprise,591,45,3,1,8,No
1433,54,Enterprise,1416,52,2,2,35,No
1434,43,Basic,803,15,3,4,24,No
1435,40,Basic,1080,1,4,4,37,Yes
1436,26,Enterprise,1966,22,3,8,4,No
1437,29,Basic,1301,3,3,9,12,No
1438,18,Enterprise,284,38,3,4,19,No
1439,18,Premium,1253,54,2,6,15,No
1440,64,Basic,1948,14,5,4,30,No
1441,51,Basic,248,36,4,4,37,No
1442,49,Basic,1368,18,0,9,12,No
1443,42,Premium,268,47,2,4,19,No
1444,57,Basic,1281,41,5,6,34,No
1445,62,Premium,896,18,3,9,7,No
1446,18,Basic,1797,3,1,3,28,Yes
1447,33,Premium,678,10,1,7,28,No
1448,56,Enterprise,1019,49,2,7,29,No
1449,22,Enterprise,1668,39,2,1,37,No
1450,39,Basic,1519,47,5,2,20,No
1451,46,Premium,1901,1,3,5,11,No
1452,20,Premium,1394,27,7,8,39,No
1453,29,Premium,1798,57,5,6,23,No
1454,43,Enterprise,346,27,3,7,20,No
1455,33,Basic,1707,11,6,3,20,Yes
1456,54,Basic,1529,49,4,6,11,No
1457,39,Enterprise,1896,5,2,9,2,Yes
1458,46,Basic,1876,7,1,3,13,No
1459,31,Premium,1215,19,3,6,13,No
1460,45,Enterprise,808,57,2,7,15,No
1461,22,Basic,645,56,4,5,31,No
1462,64,Enterprise,420,29,6,10,23,No
1463,47,Basic,1778,15,2,8,22,No
1464,63,Premium,1601,35,3,8,16,No
1465,22,Premium,1843,47,2,6,29,No
1466,29,Enterprise,1489,37,6,7,20,No
1467,33,Basic,294,55,1,3,28,No
1468,43,Basic,461,12,8,7,27,No
1469,43,Premium,1096,30,3,7,29,No
1470,38,Premium,1294,20,6,4,5,Yes
1471,56,Premium,418,37,1,10,38,No
1472,53,Basic,1756,3,4,4,38,Yes
1473,50,Basic,291,9,1,3,2,Yes
1474,47,Basic,326,58,0,10,20,No
1475,54,Premium,279,41,0,7,13,No
1476,40,Basic,1461,39,4,5,26,No
1477,27,Basic,1182,26,4,3,35,No
1478,22,Enterprise,1595,2,4,6,8,No
1479,53,Basic,1115,23,2,6,28,No
1480,51,Enterprise,685,23,3,6,15,No
1481,48,Premium,893,59,3,2,8,No
1482,27,Premium,224,21,4,10,11,No
1483,36,Basic,355,16,7,7,29,No
1484,49,Basic,1740,9,0,7,5,No
1485,18,Premium,831,13,3,10,7,No
1486,22,Premium,1753,28,4,4,18,No
1487,62,Premium,1933,27,4,6,28,No
1488,21,Basic,1280,51,3,4,12,No
1489,33,Premium,1828,52,3,4,12,No
1490,41,Premium,218,17,3,6,36,No
1491,33,Premium,1607,38,2,9,29,No
1492,19,Premium,1416,36,2,7,11,No
1493,45,Premium,436,1,4,2,6,Yes
1494,49,Premium,1610,18,2,6,21,No
1495,44,Basic,1649,51,4,5,10,No
1496,37,Basic,476,9,4,6,32,No
1497,41,Basic,1450,13,4,8,33,No
1498,29,Basic,944,40,4,8,17,No
1499,52,Basic,751,55,4,3,3,Yes
1500,50,Basic,1546,45,2,9,18,No
1501,50,Basic,1376,15,2,6,10,No
1502,60,Basic,838,43,4,7,39,No
1503,54,Premium,436,44,4,9,8,No
1504,29,Enterprise,1197,46,7,7,34,No
1505,20,Basic,254,4,3,10,37,No
1506,18,Enterprise,1659,33,2,9,33,No
1507,50,Premium,883,24,2,1,10,No
1508,57,Basic,308,36,1,1,18,No
1509,27,Basic,1407,51,0,3,25,No
1510,60,Premium,1591,41,3,9,36,No
1511,61,Premium,1421,10,2,1,2,Yes
1512,46,Premium,1594,36,2,1,19,No
1513,30,Basic,572,20,1,5,10,No
1514,29,Basic,1172,41,0,8,3,No
1515,48,Basic,1720,45,4,2,19,No
1516,63,Basic,1822,44,1,4,26,No
1517,19,Basic,400,11,4,6,25,No
1518,52,Basic,1048,12,6,1,17,Yes
1519,40,Premium,708,18,1,4,10,No
1520,34,Enterprise,1545,30,3,4,11,No
1521,43,Basic,474,44,2,9,11,No
1522,25,Enterprise,410,48,5,9,12,No
1523,46,Basic,703,37,3,6,8,No
1524,43,Basic,1341,20,1,8,24,No
1525,27,Basic,902,25,1,10,14,No
1526,43,Premium,1777,12,3,4,23,No
1527,51,Enterprise,241,21,2,10,36,No
1528,58,Premium,514,25,4,8,17,No
1529,24,Basic,987,11,5,3,5,Yes
1530,21,Premium,528,9,3,2,3,Yes
1531,62,Basic,1240,50,2,6,9,No
1532,28,Enterprise,482,25,4,5,20,No
1533,46,Premium,1142,35,1,8,20,No
1534,53,Basic,457,52,4,1,19,No
1535,42,Premium,774,32,2,10,21,No
1536,38,Premium,773,49,3,3,16,No
1537,53,Basic,811,14,3,7,33,No
1538,27,Premium,1242,1,1,10,5,Yes
1539,54,Basic,1752,17,2,4,24,No
1540,26,Premium,1036,25,2,10,15,No
1541,41,Premium,622,59,4,5,26,No
1542,52,Premium,1689,8,3,8,25,No
1543,52,Premium,1596,5,2,1,28,Yes
1544,53,Premium,957,5,2,1,33,Yes
1545,35,Basic,962,41,3,7,18,No
1546,56,Premium,1304,35,2,9,18,No
1547,49,Basic,1774,19,3,4,38,No
1548,41,Basic,1771,23,4,8,33,No
1549,40,Basic,623,9,2,10,27,No
1550,49,Basic,628,54,2,7,15,No
1551,54,Premium,1611,30,1,2,13,No
1552,29,Basic,1932,50,3,5,34,No
1553,30,Premium,1893,16,3,9,4,No
1554,40,Basic,403,33,3,9,35,No
1555,42,Basic,395,2,4,3,19,Yes
1556,52,Premium,927,14,3,3,31,No
1557,58,Basic,484,46,2,2,25,No
1558,47,Basic,395,1,3,7,12,No
1559,34,Premium,506,26,4,6,12,No
1560,37,Basic,1887,58,6,5,25,No
1561,42,Premium,213,25,3,7,33,No
1562,39,Basic,1369,16,3,4,37,No
1563,30,Basic,1280,15,3,5,28,No
1564,36,Premium,922,26,3,9,9,No
1565,53,Basic,979,47,5,9,14,No
1566,29,Basic,1433,44,4,4,3,Yes
1567,58,Basic,728,16,1,6,5,No
1568,36,Basic,997,14,3,2,26,No
1569,29,Premium,543,29,4,3,18,No
1570,26,Basic,1938,24,2,9,38,No
1571,24,Premium,1834,47,2,6,21,No
1572,45,Enterprise,1502,55,1,8,39,No
1573,31,Basic,408,15,4,5,16,No
1574,48,Enterprise,840,19,1,2,23,No
1575,36,Basic,1558,8,3,7,29,No
1576,64,Enterprise,1511,34,2,6,10,No
1577,33,Basic,451,2,0,2,5,Yes
1578,22,Premium,1488,27,1,6,11,No
1579,52,Basic,470,10,1,8,29,No
1580,29,Basic,1119,35,3,1,27,No
1581,42,Premium,1923,23,3,4,34,No
1582,38,Premium,618,49,4,1,14,No
1583,53,Basic,1949,8,3,2,10,No
1584,40,Basic,994,28,3,1,11,No
1585,33,Premium,1434,23,4,6,11,No
1586,56,Premium,1588,4,4,6,35,No
1587,62,Enterprise,1299,14,3,1,19,No
1588,59,Premium,1883,53,1,4,24,No
1589,56,Enterprise,1544,42,2,4,1,Yes
1590,31,Premium,924,29,0,8,12,No
1591,48,Basic,632,1,3,6,14,No
1592,22,Basic,308,4,3,2,3,Yes
1593,52,Premium,840,32,1,5,32,No
1594,40,Premium,1745,33,2,4,16,No
1595,46,Basic,1270,49,4,10,38,No
1596,60,Basic,578,26,2,4,10,No
1597,28,Enterprise,1319,17,5,8,17,No
1598,35,Premium,1157,39,4,5,4,No
1599,64,Basic,302,23,3,3,15,No
1600,29,Basic,1091,32,3,10,33,No
1601,26,Basic,1053,52,4,4,39,No
1602,27,Basic,1369,15,3,1,10,No
1603,61,Basic,1250,13,2,6,7,No
1604,34,Basic,1955,2,6,10,33,Yes
1605,55,Premium,729,19,1,4,17,No
1606,24,Basic,878,24,3,6,12,No
1607,63,Premium,1188,45,2,2,17,No
1608,30,Enterprise,1305,24,4,5,16,No
1609,57,Basic,627,11,2,9,14,No
1610,59,Premium,1807,59,3,8,3,No
1611,26,Basic,1021,22,2,3,30,No
1612,44,Enterprise,1702,15,2,1,35,No
1613,19,Basic,1989,10,3,10,26,No
1614,22,Premium,1385,41,3,3,12,No
1615,46,Premium,1131,27,4,8,31,No
1616,54,Basic,1625,9,4,3,17,No
1617,55,Basic,1731,52,2,5,37,No
1618,36,Premium,1261,28,2,2,8,No
1619,25,Premium,710,1,4,1,19,Yes
1620,62,Basic,592,17,2,10,26,No
1621,18,Premium,912,31,2,5,4,No
1622,39,Basic,693,44,8,5,15,No
1623,34,Premium,1423,10,3,6,14,No
1624,24,Basic,1478,37,3,2,30,No
1625,42,Enterprise,1402,29,4,9,24,No
1626,62,Basic,746,18,1,2,34,No
1627,21,Basic,793,47,4,2,19,No
1628,53,Basic,588,38,4,5,3,No
1629,23,Basic,1621,39,4,9,4,No
1630,48,Premium,1955,49,3,4,11,No
1631,36,Basic,357,6,3,6,13,No
1632,61,Premium,1227,40,2,2,18,No
1633,56,Basic,366,12,2,4,19,No
1634,44,Basic,1691,53,2,9,33,No
1635,27,Basic,1159,14,2,2,38,No
1636,43,Basic,608,44,3,1,3,Yes
1637,36,Basic,1635,55,0,4,35,No
1638,56,Basic,1427,10,4,4,1,Yes
1639,20,Basic,393,54,3,1,35,No
1640,62,Basic,434,20,6,4,36,Yes
1641,30,Premium,917,15,4,3,38,No
1642,45,Premium,1373,31,1,2,39,No
1643,37,Basic,1382,7,4,10,25,No
1644,45,Basic,1502,58,6,4,13,Yes
1645,25,Enterprise,1015,41,3,8,4,No
1646,58,Premium,603,10,2,7,6,No
1647,56,Premium,1092,10,1,9,11,No
1648,18,Basic,877,48,4,8,1,No
1649,20,Premium,1534,39,4,1,8,No
1650,30,Premium,267,28,3,2,34,No
1651,45,Premium,1686,30,2,2,9,No
1652,42,Enterprise,287,37,4,8,36,No
1653,50,Basic,416,55,6,4,39,Yes
1654,55,Basic,200,3,3,9,37,No
1655,23,Premium,1358,50,2,2,21,No
1656,61,Premium,1920,43,5,4,20,No
1657,62,Basic,1574,15,1,1,38,No
1658,49,Basic,339,21,1,3,1,Yes
1659,62,Basic,817,52,1,6,35,No
1660,64,Basic,332,37,1,9,28,No
1661,38,Premium,1843,56,2,1,7,Yes
1662,33,Premium,377,12,3,5,9,No
1663,38,Basic,1009,4,1,2,1,Yes
1664,28,Basic,1581,47,1,7,36,No
1665,54,Basic,579,9,2,4,34,No
1666,53,Basic,1107,39,3,5,34,No
1667,52,Premium,857,42,5,8,17,No
1668,36,Enterprise,649,28,4,2,32,No
1669,37,Premium,785,23,3,3,2,Yes
1670,35,Basic,662,45,1,5,36,No
1671,64,Enterprise,1189,40,2,10,25,No
1672,58,Premium,1331,44,0,4,26,No
1673,31,Premium,321,22,2,5,26,No
1674,32,Basic,216,24,2,3,21,No
1675,48,Basic,1419,51,5,9,18,No
1676,18,Basic,526,58,3,8,29,No
1677,20,Basic,517,26,2,6,24,No
1678,33,Basic,1008,30,4,1,28,No
1679,40,Basic,1702,33,5,4,12,No
1680,28,Basic,1475,16,3,7,11,No
1681,29,Premium,702,22,2,10,27,No
1682,27,Basic,318,49,0,5,23,No
1683,49,Basic,1897,57,3,4,33,No
1684,33,Enterprise,909,50,1,9,16,No
1685,25,Enterprise,1721,43,6,8,28,No
1686,55,Premium,1709,18,4,3,28,No
1687,29,Enterprise,244,7,3,6,38,No
1688,41,Premium,513,50,7,4,6,Yes
1689,45,Enterprise,1402,26,4,7,29,No
1690,25,Basic,617,8,3,1,34,No
1691,45,Basic,755,6,1,1,3,Yes
1692,53,Basic,1301,30,2,6,6,No
1693,43,Basic,525,39,1,10,38,No
1694,25,Basic,1913,23,4,7,13,No
1695,45,Premium,1580,32,2,9,36,No
1696,45,Premium,1639,22,1,7,15,No
1697,54,Premium,714,42,2,9,6,No
1698,58,Basic,413,43,1,10,33,No
1699,53,Premium,273,57,3,9,12,No
1700,44,Premium,1786,45,1,8,13,No
1701,34,Basic,1802,9,3,7,33,No
1702,26,Premium,708,31,3,3,28,No
1703,50,Basic,531,7,1,3,36,No
1704,37,Basic,1316,9,2,5,5,No
1705,30,Enterprise,887,13,3,7,25,No
1706,45,Basic,856,58,6,10,17,No
1707,46,Basic,1742,3,3,7,37,No
1708,30,Enterprise,1492,35,5,1,19,No
1709,63,Premium,1599,33,1,8,35,No
1710,52,Basic,1227,21,2,1,34,No
1711,23,Basic,1361,31,3,4,6,Yes
1712,35,Basic,1454,52,3,2,19,No
1713,22,Premium,799,34,1,5,1,No
1714,64,Basic,1752,32,3,6,7,No
1715,42,Basic,1275,57,3,4,34,No
1716,19,Enterprise,1869,35,1,4,19,No
1717,27,Premium,1946,15,3,7,33,No
1718,47,Basic,524,56,2,4,26,No
1719,62,Premium,1191,32,4,2,27,No
1720,22,Premium,1954,6,4,4,38,No
1721,50,Basic,916,45,3,7,26,No
1722,18,Basic,922,21,4,1,35,No
1723,35,Premium,476,33,5,4,20,No
1724,49,Basic,735,32,3,6,24,No
1725,64,Premium,1709,52,2,8,21,No
1726,28,Basic,1739,19,6,8,26,No
1727,38,Basic,351,33,2,9,20,No
1728,43,Basic,1154,28,2,5,6,No
1729,42,Basic,1706,31,4,2,3,Yes
1730,39,Basic,458,21,1,3,10,No
1731,44,Basic,523,54,0,2,12,No
1732,30,Premium,1216,34,4,9,33,No
1733,50,Enterprise,1068,15,4,6,22,No
1734,51,Premium,1391,14,2,1,16,No
1735,58,Enterprise,887,19,0,3,17,No
1736,52,Basic,509,43,3,7,10,No
1737,18,Enterprise,1002,15,6,7,12,No
1738,38,Basic,1702,6,4,5,19,No
1739,23,Enterprise,1279,52,3,3,23,No
1740,45,Enterprise,819,9,1,7,10,No
1741,34,Premium,672,37,4,5,10,No
1742,22,Enterprise,1519,20,4,6,10,No
1743,48,Premium,660,34,2,3,39,No
1744,22,Basic,1547,38,7,6,30,No
1745,55,Basic,1013,26,2,7,4,No
1746,20,Premium,1045,18,4,8,1,No
1747,40,Basic,1364,28,1,2,19,No
1748,54,Premium,866,55,3,2,5,Yes
1749,54,Enterprise,461,51,0,6,30,No
1750,27,Basic,1643,9,1,8,26,No
1751,27,Premium,1967,32,3,5,34,No
1752,36,Enterprise,1464,59,2,1,2,Yes
1753,34,Enterprise,554,53,2,1,24,No
1754,38,Enterprise,969,56,2,10,14,No
1755,31,Premium,1984,59,4,9,13,No
1756,26,Enterprise,1812,6,2,4,29,No
1757,63,Premium,379,14,3,10,1,No
1758,18,Basic,265,28,4,1,34,No
1759,62,Basic,1019,58,3,8,4,No
1760,30,Premium,1571,24,5,2,28,No
1761,21,Basic,370,13,1,2,19,No
1762,18,Premium,673,43,6,1,1,Yes
1763,57,Premium,733,12,3,1,36,No
1764,49,Basic,1590,51,4,9,13,No
1765,51,Premium,1330,19,4,1,5,Yes
1766,45,Premium,638,21,4,6,33,No
1767,48,Basic,1034,27,2,7,14,No
1768,25,Basic,426,58,6,4,16,Yes
1769,56,Basic,1667,19,1,5,32,No
1770,43,Basic,641,24,6,4,27,Yes
1771,51,Enterprise,595,26,3,4,35,No
1772,20,Basic,927,45,3,10,3,No
1773,29,Premium,1804,28,2,1,4,Yes
1774,18,Basic,283,46,3,6,7,No
1775,61,Basic,1838,56,5,10,13,No
1776,22,Premium,1774,18,4,10,3,No
1777,47,Premium,1236,44,4,7,17,No
1778,47,Basic,892,36,2,7,10,No
1779,34,Basic,692,42,4,8,1,No
1780,64,Basic,1491,29,5,7,28,No
1781,40,Basic,1748,17,3,6,10,No
1782,32,Premium,1343,4,5,8,7,Yes
1783,54,Basic,1169,44,1,3,39,No
1784,38,Basic,552,45,4,9,3,No
1785,31,Basic,1280,59,3,3,7,Yes
1786,19,Enterprise,239,29,6,4,9,Yes
1787,28,Enterprise,1559,4,4,10,35,No
1788,56,Basic,839,10,3,6,26,No
1789,55,Premium,372,25,2,8,5,No
1790,51,Basic,1770,31,3,3,13,No
1791,55,Basic,458,3,3,10,30,No
1792,51,Premium,716,47,1,6,39,No
1793,35,Enterprise,929,2,2,5,10,No
1794,47,Enterprise,722,57,3,5,23,No
1795,32,Premium,1038,25,4,5,11,No
1796,44,Basic,316,49,3,9,12,No
1797,51,Premium,383,6,1,7,13,No
1798,55,Basic,1339,26,1,9,16,No
1799,50,Premium,361,8,1,9,9,No
1800,41,Basic,1802,35,4,6,10,No
1801,32,Premium,1935,27,2,6,29,No
1802,47,Basic,742,25,4,4,9,No
1803,59,Basic,1810,18,2,8,33,No
1804,34,Enterprise,1460,54,3,2,24,No
1805,22,Basic,1038,1,5,5,35,No
1806,46,Premium,1289,48,4,1,11,No
1807,21,Basic,1293,39,3,10,39,No
1808,27,Basic,646,3,1,2,13,Yes
1809,34,Basic,615,55,4,1,23,No
1810,27,Basic,731,4,4,6,25,No
1811,34,Enterprise,640,41,3,2,16,No
1812,37,Basic,937,37,4,4,21,No
1813,41,Enterprise,663,51,4,5,10,No
1814,22,Premium,595,15,3,7,19,No
1815,51,Basic,910,8,1,10,35,No
1816,23,Premium,1774,38,1,1,28,No
1817,19,Premium,1880,50,4,5,2,No
1818,30,Premium,1780,19,4,4,30,No
1819,60,Basic,594,56,3,7,5,No
1820,60,Basic,525,47,2,10,38,No
1821,28,Enterprise,1314,26,3,7,15,No
1822,64,Enterprise,949,39,3,8,36,No
1823,40,Enterprise,1293,10,4,4,3,Yes
1824,33,Basic,1389,38,3,4,24,No
1825,48,Premium,841,14,0,10,12,No
1826,28,Basic,413,49,5,5,8,No
1827,33,Basic,1824,41,2,5,14,No
1828,25,Basic,1558,19,2,3,18,No
1829,21,Premium,1987,30,3,5,20,No
1830,57,Basic,568,5,2,5,23,No
1831,21,Basic,1807,55,2,8,5,No
1832,42,Enterprise,1900,31,2,7,1,No
1833,20,Basic,248,7,1,8,2,No
1834,49,Basic,1275,19,3,5,16,No
1835,20,Basic,1512,31,4,2,5,Yes
1836,44,Enterprise,1849,52,1,8,22,No
1837,46,Premium,1462,58,2,9,1,No
1838,49,Basic,332,39,3,2,12,No
1839,36,Premium,1198,24,2,1,19,No
1840,38,Premium,985,34,4,6,22,No
1841,22,Basic,1389,57,0,3,17,No
1842,35,Premium,1597,23,4,1,13,No
1843,45,Premium,572,48,2,6,39,No
1844,59,Premium,1701,45,7,8,28,No
1845,39,Basic,1978,40,4,9,3,No
1846,38,Enterprise,678,6,2,6,5,No
1847,23,Premium,1031,38,2,6,36,No
1848,18,Basic,849,41,6,1,15,Yes
1849,22,Basic,1814,36,2,5,17,No
1850,58,Basic,881,27,8,3,29,Yes
1851,29,Basic,1858,11,3,7,4,No
1852,43,Premium,887,5,2,9,32,No
1853,63,Basic,1523,57,2,6,38,No
1854,51,Basic,281,17,4,5,4,No
1855,31,Premium,286,52,4,7,13,No
1856,43,Basic,424,7,6,9,20,No
1857,62,Enterprise,215,27,4,5,18,No
1858,44,Basic,1021,47,4,5,37,No
1859,26,Basic,1581,57,5,10,12,No
1860,43,Basic,362,15,3,4,25,No
1861,64,Basic,1833,46,2,5,30,No
1862,39,Basic,1891,13,3,7,15,No
1863,64,Premium,713,11,2,3,36,No
1864,47,Enterprise,549,45,2,4,8,No
1865,60,Basic,880,26,8,9,28,No
1866,34,Premium,1687,22,2,2,22,No
1867,43,Premium,1598,28,4,8,38,No
1868,53,Premium,1315,24,8,9,16,No
1869,18,Basic,380,29,5,5,5,No
1870,25,Basic,942,9,7,7,34,No
1871,52,Basic,1524,42,3,6,38,No
1872,32,Premium,859,4,1,1,11,Yes
1873,64,Premium,1412,49,2,8,2,No
1874,39,Basic,1537,46,2,9,25,No
1875,31,Basic,692,56,2,10,25,No
1876,43,Enterprise,1122,18,6,1,1,Yes
1877,45,Premium,327,43,2,8,31,No
1878,40,Enterprise,1742,16,5,3,5,Yes
1879,31,Premium,1649,33,2,6,4,No
1880,41,Basic,1782,29,4,10,5,No
1881,19,Premium,764,39,5,8,5,No
1882,62,Premium,1410,10,1,5,16,No
1883,43,Basic,749,9,4,8,18,No
1884,31,Premium,652,59,1,7,17,No
1885,24,Premium,670,31,5,7,35,No
1886,20,Basic,1187,28,6,7,18,No
1887,64,Premium,937,57,4,9,4,No
1888,40,Premium,1788,3,3,6,31,No
1889,63,Enterprise,423,54,1,6,31,No
1890,60,Basic,353,55,1,9,9,No
1891,64,Basic,759,14,1,6,31,No
1892,62,Premium,550,58,3,7,5,No
1893,35,Basic,1370,25,2,7,36,No
1894,55,Premium,1799,15,0,2,16,No
1895,52,Premium,548,2,1,8,16,No
1896,32,Basic,381,24,6,6,20,No
1897,42,Premium,836,14,4,4,30,No
1898,54,Premium,1217,48,2,7,26,No
1899,45,Basic,378,7,4,8,31,No
1900,27,Enterprise,1262,36,5,1,15,No
1901,56,Premium,971,50,0,10,38,No
1902,34,Premium,1093,24,0,4,38,No
1903,56,Premium,1226,27,4,4,20,No
1904,39,Basic,1215,37,3,10,35,No
1905,43,Enterprise,263,38,4,9,23,No
1906,61,Premium,228,30,1,6,39,No
1907,42,Premium,571,27,3,4,25,No
1908,34,Enterprise,1746,39,4,1,22,No
1909,30,Basic,296,15,2,8,8,No
1910,37,Premium,1665,26,5,9,9,No
1911,42,Basic,1426,1,2,5,15,No
1912,21,Basic,1634,56,4,5,20,No
1913,27,Basic,1192,4,2,10,35,No
1914,20,Enterprise,220,29,3,8,37,No
1915,58,Enterprise,1774,57,3,8,3,No
1916,62,Premium,934,1,0,5,34,No
1917,35,Premium,1325,43,5,4,34,No
1918,64,Premium,1269,50,5,6,36,No
1919,53,Enterprise,265,46,2,10,35,No
1920,64,Basic,802,22,2,5,9,No
1921,39,Basic,1387,11,1,8,30,No
1922,51,Basic,1334,10,0,9,26,No
1923,64,Premium,537,59,5,1,12,No
1924,25,Premium,322,17,2,9,24,No
1925,57,Basic,1928,36,5,9,19,No
1926,61,Basic,646,56,3,6,16,No
1927,36,Premium,810,47,1,10,26,No
1928,59,Basic,1514,26,1,5,23,No
1929,58,Premium,870,48,4,7,33,No
1930,54,Enterprise,1635,21,5,8,30,No
1931,23,Basic,814,13,1,9,23,No
1932,43,Basic,1096,9,0,9,10,No
1933,51,Premium,480,11,1,10,36,No
1934,62,Premium,1266,11,7,3,31,Yes
1935,23,Premium,1709,6,4,8,22,No
1936,54,Enterprise,795,1,5,1,38,Yes
1937,50,Basic,902,54,2,7,2,No
1938,39,Premium,1274,6,4,5,23,No
1939,38,Premium,409,13,4,2,35,No
1940,23,Enterprise,325,22,0,2,37,No
1941,23,Basic,691,56,3,8,32,No
1942,21,Premium,1732,31,3,5,12,No
1943,47,Premium,1159,22,5,3,35,No
1944,28,Basic,1169,37,3,1,3,Yes
1945,47,Basic,780,47,5,7,34,No
1946,48,Enterprise,976,27,4,3,38,No
1947,41,Basic,457,50,0,7,24,No
1948,26,Basic,1411,52,2,2,38,No
1949,20,Basic,429,14,1,4,17,No
1950,48,Enterprise,388,47,3,2,1,Yes
1951,57,Premium,1638,58,5,4,8,No
1952,54,Premium,209,5,6,5,15,Yes
1953,53,Basic,1337,58,2,8,25,No
1954,41,Premium,1299,36,2,2,8,No
1955,48,Premium,875,32,6,10,32,No
1956,23,Premium,701,34,9,3,13,Yes
1957,19,Enterprise,284,7,3,10,15,No
1958,37,Basic,248,42,0,5,6,No
1959,45,Premium,1718,48,3,9,33,No
1960,28,Basic,1037,10,1,10,7,No
1961,21,Premium,1207,50,3,5,33,No
1962,32,Basic,888,17,3,9,29,No
1963,23,Basic,586,30,2,4,38,No
1964,47,Basic,1169,21,0,10,37,No
1965,55,Premium,1612,13,4,5,32,No
1966,19,Basic,1205,1,3,9,3,Yes
1967,32,Premium,417,1,2,4,20,Yes
1968,28,Basic,1924,47,1,5,14,No
1969,25,Basic,1204,33,3,5,28,No
1970,43,Premium,1569,38,0,4,38,No
1971,62,Basic,1453,25,4,4,4,Yes
1972,61,Basic,454,26,4,5,15,No
1973,22,Premium,435,13,1,6,17,No
1974,23,Basic,1249,59,3,7,37,No
1975,43,Basic,1807,28,3,6,24,No
1976,21,Basic,1484,33,3,1,38,No
1977,36,Enterprise,1989,37,6,2,36,Yes
1978,37,Premium,470,41,5,7,8,No
1979,50,Premium,322,30,5,3,3,Yes
1980,37,Premium,855,57,3,10,30,No
1981,29,Basic,1480,49,2,2,22,No
1982,64,Basic,1879,48,5,6,33,No
1983,18,Premium,1644,8,5,4,25,No
1984,43,Basic,458,49,6,5,30,No
1985,31,Basic,1147,47,1,6,37,No
1986,55,Basic,246,56,4,3,3,Yes
1987,54,Basic,1062,1,1,1,4,Yes
1988,28,Enterprise,724,12,1,3,29,No
1989,53,Basic,1087,5,4,3,32,Yes
1990,30,Premium,407,24,5,6,23,No
1991,60,Basic,1534,6,2,4,19,No
1992,20,Enterprise,946,25,1,7,15,No
1993,50,Basic,348,1,5,2,16,Yes
1994,23,Basic,637,25,5,4,23,No
1995,27,Premium,354,1,1,8,37,No
1996,22,Premium,1901,32,3,6,1,No
1997,40,Basic,1313,42,7,10,19,No
1998,27,Basic,1921,42,3,3,37,No
1999,61,Basic,557,3,2,10,35,No
2000,19,Basic,1397,49,2,2,30,No
2001,30,Basic,1440,19,5,3,17,No
2002,57,Basic,655,43,2,1,39,No
2003,19,Basic,975,29,2,1,26,No
2004,37,Basic,1832,50,3,2,13,No
2005,18,Premium,828,2,2,3,22,Yes
2006,54,Enterprise,1422,9,3,9,23,No
2007,26,Premium,1031,56,2,8,33,No
2008,34,Basic,685,17,2,9,27,No
2009,26,Basic,732,46,0,7,35,No
2010,28,Enterprise,399,36,7,7,12,No
2011,32,Basic,570,17,5,5,9,No
2012,41,Basic,1213,49,1,7,34,No
2013,55,Premium,1052,12,1,4,14,No
2014,52,Premium,1671,20,2,5,37,No
2015,47,Premium,447,50,3,1,3,Yes
2016,48,Basic,987,3,2,4,21,Yes
2017,22,Basic,463,43,3,3,7,Yes
2018,61,Enterprise,1281,57,4,2,33,No
2019,31,Basic,1525,50,3,2,35,No
2020,28,Premium,230,4,9,8,11,Yes
2021,26,Premium,1721,17,3,1,32,No
2022,51,Premium,1472,50,4,8,22,No
2023,29,Basic,804,37,1,9,19,No
2024,52,Basic,1494,46,4,6,36,No
2025,52,Premium,1829,42,1,1,37,No
2026,18,Enterprise,1889,15,4,10,11,No
2027,57,Enterprise,1617,33,2,7,13,No
2028,39,Basic,701,16,5,5,28,No
2029,46,Basic,1815,11,3,9,15,No
2030,25,Enterprise,1307,55,4,7,13,No
2031,28,Premium,1588,20,1,5,33,No
2032,58,Enterprise,1085,38,2,2,8,No
2033,54,Basic,748,24,3,4,32,No
2034,31,Premium,1565,54,6,2,37,Yes
2035,47,Premium,1038,16,5,9,4,No
2036,52,Premium,1630,30,4,2,18,No
2037,38,Basic,1648,34,3,2,23,No
2038,54,Basic,1967,1,5,2,29,Yes
2039,22,Premium,1316,24,3,1,2,Yes
2040,36,Basic,1047,24,3,9,13,No
2041,31,Basic,813,9,5,8,16,No
2042,43,Enterprise,611,22,5,2,8,No
2043,21,Basic,631,12,3,2,19,No
2044,42,Premium,877,17,4,5,32,No
2045,62,Basic,358,25,2,4,3,Yes
2046,59,Premium,213,28,2,2,32,No
2047,42,Enterprise,572,15,1,8,21,No
2048,35,Basic,424,30,3,8,25,No
2049,57,Basic,1728,51,4,4,17,No
2050,25,Basic,1296,27,1,4,25,No
2051,56,Basic,1472,22,3,9,33,No
2052,57,Premium,710,10,5,4,31,No
2053,31,Enterprise,802,58,1,10,36,No
2054,49,Basic,415,31,4,9,23,No
2055,55,Basic,1825,27,1,3,25,No
2056,50,Basic,1764,12,9,2,30,Yes
2057,40,Premium,1187,46,2,8,13,No
2058,32,Basic,1443,31,0,3,29,No
2059,50,Premium,1039,32,2,2,16,No
2060,42,Premium,926,32,3,8,38,No
2061,34,Premium,1444,41,1,8,27,No
2062,50,Basic,1612,59,2,5,26,No
2063,64,Premium,753,45,4,9,11,No
2064,19,Basic,1870,35,1,6,37,No
2065,31,Basic,1265,53,2,5,3,No
2066,57,Enterprise,875,46,2,3,26,No
2067,57,Premium,1072,21,0,7,34,No
2068,56,Basic,482,10,2,9,33,No
2069,23,Basic,1281,16,4,4,15,No
2070,23,Basic,1033,7,5,7,2,No
2071,20,Basic,736,4,3,3,28,Yes
2072,24,Basic,1296,27,6,2,20,Yes
2073,25,Basic,1122,52,2,1,38,No
2074,59,Basic,1352,55,3,6,16,No
2075,32,Premium,1822,25,4,5,4,No
2076,64,Premium,1041,31,5,2,8,No
2077,46,Premium,1649,11,1,3,20,No
2078,50,Basic,1147,48,3,9,26,No
2079,47,Enterprise,864,20,1,3,32,No
2080,56,Premium,1917,36,4,7,13,No
2081,44,Premium,1348,54,4,1,5,Yes
2082,53,Premium,266,54,3,7,13,No
2083,46,Enterprise,205,55,1,9,11,No
2084,55,Premium,836,17,3,8,37,No
2085,50,Basic,513,45,0,7,32,No
2086,54,Premium,1549,11,2,10,18,No
2087,44,Premium,764,30,2,8,29,No
2088,50,Premium,1801,35,8,4,15,Yes
2089,21,Premium,1025,41,0,2,20,No
2090,39,Basic,705,38,0,9,36,No
2091,19,Basic,1305,22,4,3,5,Yes
2092,27,Enterprise,1822,53,1,4,37,No
2093,22,Premium,1225,43,0,7,33,No
2094,27,Premium,403,48,4,2,18,No
2095,50,Basic,861,51,5,8,19,No
2096,55,Basic,1004,27,4,10,32,No
2097,30,Enterprise,603,37,3,8,22,No
2098,48,Premium,1326,46,5,5,1,No
2099,64,Premium,735,49,3,9,25,No
2100,53,Basic,1591,35,1,8,20,No
2101,62,Premium,1435,4,1,1,35,Yes
2102,41,Basic,776,16,0,9,6,No
2103,32,Premium,1432,16,5,5,6,No
2104,46,Basic,962,21,3,9,37,No
2105,25,Basic,316,26,2,9,3,No
2106,22,Premium,827,57,2,10,37,No
2107,46,Enterprise,948,36,4,10,31,No
2108,64,Basic,1701,19,3,3,35,No
2109,21,Premium,304,58,2,8,15,No
2110,29,Basic,694,17,3,7,17,No
2111,62,Basic,1994,45,3,7,15,No
2112,19,Basic,245,26,2,10,5,No
2113,44,Basic,1022,22,3,2,22,No
2114,48,Premium,1554,55,2,2,11,No
2115,53,Basic,1439,58,2,2,28,No
2116,53,Basic,1181,56,3,2,14,No
2117,43,Enterprise,1159,28,4,4,39,No
2118,60,Basic,1715,1,5,7,3,Yes
2119,44,Premium,1044,44,4,2,11,No
2120,22,Basic,648,36,3,5,30,No
2121,37,Premium,735,43,5,7,38,No
2122,28,Basic,710,37,2,9,5,No
2123,27,Basic,1681,2,4,8,22,No
2124,57,Basic,1770,17,3,9,13,No
2125,55,Basic,1759,40,4,7,21,No
2126,23,Basic,739,38,4,3,37,No
2127,25,Premium,1707,21,1,1,25,No
2128,40,Enterprise,215,9,2,10,21,No
2129,64,Premium,1794,13,4,7,28,No
2130,43,Premium,442,11,3,6,4,No
2131,63,Basic,1430,16,3,2,29,No
2132,60,Basic,1111,16,6,1,35,Yes
2133,29,Basic,1494,59,4,10,23,No
2134,43,Basic,960,2,6,4,7,Yes
2135,30,Premium,904,42,4,4,9,No
2136,57,Premium,1953,44,1,6,23,No
2137,35,Basic,314,8,4,5,3,No
2138,42,Basic,1803,43,3,9,9,No
2139,50,Premium,1522,42,5,8,4,No
2140,64,Premium,1706,13,3,9,25,No
2141,57,Basic,596,57,2,10,6,No
2142,60,Enterprise,593,17,1,7,18,No
2143,29,Enterprise,1298,39,2,9,7,No
2144,61,Basic,1177,24,5,3,35,No
2145,53,Basic,1705,3,2,9,31,No
2146,21,Premium,1326,30,5,2,38,No
2147,22,Enterprise,496,52,4,9,32,No
2148,54,Enterprise,1201,13,1,6,35,No
2149,25,Basic,377,19,2,4,28,No
2150,59,Basic,1438,7,1,2,5,Yes
2151,45,Premium,1166,9,2,10,30,No
2152,48,Premium,514,19,2,3,22,No
2153,26,Basic,1262,45,3,5,17,No
2154,46,Enterprise,458,54,3,9,10,No
2155,31,Premium,1939,40,6,7,7,Yes
2156,57,Premium,206,22,6,3,4,Yes
2157,58,Enterprise,248,18,2,4,27,No
2158,39,Premium,1761,23,4,2,7,Yes
2159,28,Basic,360,2,5,8,23,No
2160,40,Premium,375,50,3,6,11,No
2161,18,Basic,1814,50,3,3,8,No
2162,63,Premium,1225,11,3,5,8,No
2163,54,Basic,1200,31,5,5,37,No
2164,38,Premium,654,33,2,1,5,Yes
2165,43,Basic,1867,14,3,5,7,No
2166,63,Basic,475,16,3,6,22,No
2167,53,Basic,697,11,3,10,36,No
2168,40,Basic,1852,33,2,10,2,No
2169,18,Premium,875,7,3,2,24,No
2170,57,Premium,1251,31,2,3,2,Yes
2171,32,Premium,1556,48,5,10,12,No
2172,38,Basic,1224,46,4,5,26,No
2173,64,Basic,1411,47,4,3,38,No
2174,26,Basic,255,14,2,5,6,No
2175,26,Basic,746,28,3,5,23,No
2176,27,Enterprise,1335,53,5,8,2,No
2177,43,Basic,1533,43,2,10,26,No
2178,58,Basic,235,16,5,9,14,No
2179,52,Basic,638,19,0,8,18,No
2180,42,Basic,1952,17,2,3,38,No
2181,43,Premium,1815,59,0,1,32,No
2182,28,Premium,794,26,1,3,14,No
2183,55,Basic,1800,6,3,1,30,No
2184,19,Basic,1548,43,4,9,13,No
2185,24,Basic,1863,49,3,3,31,No
2186,35,Basic,506,9,6,8,37,No
2187,44,Basic,1757,50,3,6,38,No
2188,51,Enterprise,1951,17,3,3,22,No
2189,44,Premium,818,31,5,9,28,No
2190,34,Premium,1332,12,5,8,19,No
2191,60,Basic,1595,23,1,3,16,No
2192,61,Basic,556,54,3,7,5,No
2193,41,Premium,380,54,3,5,2,No
2194,42,Premium,1579,5,4,2,10,Yes
2195,24,Premium,1899,43,6,8,19,No
2196,23,Basic,267,36,4,1,20,No
2197,41,Premium,491,59,5,4,29,No
2198,50,Basic,891,36,4,4,25,No
2199,46,Enterprise,380,3,3,10,17,No
2200,60,Premium,1689,58,2,5,13,No
2201,39,Premium,633,24,3,4,16,No
2202,43,Basic,1687,55,2,1,35,No
2203,45,Premium,1904,57,4,7,36,No
2204,38,Basic,1113,17,3,10,39,No
2205,24,Basic,1757,39,2,2,3,Yes
2206,34,Basic,265,26,4,10,9,No
2207,37,Premium,1244,4,1,3,29,Yes
2208,58,Basic,1835,55,3,5,5,No
2209,37,Basic,583,45,3,8,3,No
2210,39,Enterprise,1838,12,3,10,10,No
2211,45,Basic,1782,1,4,8,31,No
2212,57,Premium,238,21,0,2,11,No
2213,24,Basic,1508,19,2,9,17,No
2214,18,Basic,1021,21,2,6,8,No
2215,49,Premium,801,52,2,9,2,No
2216,30,Basic,1820,18,5,4,4,Yes
2217,47,Basic,984,43,2,3,16,No
2218,40,Premium,1559,52,2,5,21,No
2219,36,Premium,1411,3,2,5,5,Yes
2220,49,Premium,870,49,3,4,35,No
2221,47,Basic,1466,44,3,7,14,No
2222,46,Basic,1296,32,5,8,15,No
2223,62,Premium,678,10,3,5,6,No
2224,46,Premium,760,40,2,9,16,No
2225,47,Premium,300,15,6,7,23,No
2226,33,Premium,713,5,5,7,31,No
2227,57,Premium,1979,4,4,8,12,No
2228,36,Basic,375,58,3,4,19,No
2229,35,Basic,437,28,3,10,12,No
2230,18,Premium,1109,53,1,6,13,No
2231,31,Basic,1282,52,2,5,2,No
2232,64,Basic,1322,51,5,1,20,No
2233,19,Enterprise,1070,53,2,9,31,No
2234,45,Enterprise,694,4,5,2,9,Yes
2235,47,Basic,1146,15,5,6,21,No
2236,55,Basic,1737,17,2,8,8,No
2237,21,Basic,954,44,5,3,39,No
2238,18,Premium,1520,3,5,5,37,No
2239,25,Enterprise,410,10,2,7,29,No
2240,46,Basic,1346,47,4,4,19,No
2241,56,Basic,1452,42,1,5,35,No
2242,20,Enterprise,1817,56,3,1,38,No
2243,49,Basic,1879,23,6,4,26,Yes
2244,27,Premium,1611,18,4,7,11,No
2245,27,Enterprise,339,1,2,10,36,No
2246,36,Basic,740,35,6,7,35,No
2247,63,Premium,1614,53,5,10,4,No
2248,51,Basic,469,58,4,10,3,No
2249,50,Basic,1982,31,7,4,12,Yes
2250,40,Premium,1235,59,5,6,32,No
2251,45,Basic,1612,44,4,5,26,No
2252,49,Enterprise,1560,1,3,1,13,Yes
2253,24,Premium,705,3,2,8,38,No
2254,46,Basic,1329,3,3,7,29,No
2255,25,Basic,231,37,3,5,19,No
2256,18,Basic,1297,19,3,10,35,No
2257,20,Basic,1394,29,3,10,27,No
2258,41,Basic,1292,25,0,7,31,No
2259,40,Basic,1012,33,6,10,3,Yes
2260,25,Basic,561,36,3,3,35,No
2261,64,Premium,1872,29,4,8,24,No
2262,54,Premium,1656,58,0,5,7,No
2263,20,Premium,1128,26,1,2,35,No
2264,50,Basic,299,4,2,2,21,Yes
2265,45,Basic,1881,49,1,4,1,Yes
2266,64,Premium,208,14,4,7,6,No
2267,25,Basic,1797,50,2,10,39,No
2268,51,Basic,896,27,4,4,34,No
2269,52,Premium,1252,33,4,9,18,No
2270,49,Premium,1337,22,2,2,25,No
2271,41,Premium,661,48,5,6,15,No
2272,31,Basic,1120,3,5,4,32,Yes
2273,49,Premium,1366,23,1,6,18,No
2274,63,Premium,589,21,5,10,31,No
2275,60,Premium,831,41,2,9,29,No
2276,33,Premium,881,23,1,10,15,No
2277,21,Premium,356,4,5,9,23,No
2278,54,Premium,534,21,6,9,38,No
2279,38,Basic,459,37,1,9,11,No
2280,31,Premium,281,43,5,3,15,No
2281,48,Premium,953,31,3,9,23,No
2282,35,Premium,1664,21,0,3,3,Yes
2283,24,Basic,1395,26,1,10,19,No
2284,27,Basic,1454,41,5,3,1,Yes
2285,24,Enterprise,919,58,2,5,24,No
2286,50,Premium,274,35,3,6,11,No
2287,40,Enterprise,1493,38,3,9,30,No
2288,38,Premium,825,24,4,1,11,No
2289,36,Premium,261,11,3,8,39,No
2290,36,Premium,1073,41,4,4,1,Yes
2291,53,Enterprise,519,29,3,10,12,No
2292,46,Premium,301,47,7,7,4,Yes
2293,35,Premium,1652,55,3,6,25,No
2294,19,Basic,1073,3,3,6,8,No
2295,18,Basic,1945,1,1,7,15,No
2296,64,Premium,1153,52,3,4,30,No
2297,22,Basic,454,54,2,6,32,No
2298,37,Basic,1755,19,5,3,35,No
2299,28,Basic,769,46,6,5,21,No
2300,59,Basic,311,49,4,2,31,No
2301,19,Basic,1184,22,4,3,36,No
2302,20,Basic,1536,14,2,9,27,No
2303,40,Enterprise,1197,49,3,6,8,No
2304,29,Premium,660,57,5,3,23,No
2305,37,Basic,907,59,2,2,23,No
2306,22,Basic,1086,14,3,5,33,No
2307,54,Premium,1685,44,3,10,13,No
2308,55,Basic,1315,16,3,5,39,No
2309,47,Premium,1275,33,4,1,35,No
2310,26,Premium,719,13,3,3,16,No
2311,51,Premium,1011,38,0,7,12,No
2312,61,Basic,1321,49,3,9,31,No
2313,52,Premium,435,12,2,5,5,No
2314,39,Basic,1597,55,6,4,25,Yes
2315,61,Enterprise,1804,51,1,3,21,No
2316,41,Premium,1126,38,2,10,3,No
2317,34,Basic,756,39,2,9,10,No
2318,27,Basic,848,33,1,7,23,No
2319,47,Basic,433,33,4,7,17,No
2320,63,Premium,1255,29,5,8,35,No
2321,40,Basic,1512,5,2,10,25,No
2322,49,Premium,1861,6,4,1,2,Yes
2323,34,Basic,778,31,4,4,27,No
2324,34,Premium,741,16,3,5,9,No
2325,31,Premium,313,31,4,5,4,No
2326,26,Premium,403,25,2,1,26,No
2327,57,Premium,1252,48,2,3,32,No
2328,19,Basic,842,46,3,2,29,No
2329,62,Basic,673,33,3,7,22,No
2330,42,Premium,896,13,2,5,13,No
2331,56,Basic,452,52,2,3,23,No
2332,26,Basic,1104,10,6,8,31,No
2333,39,Basic,585,24,2,1,36,No
2334,60,Basic,261,10,4,1,31,No
2335,63,Basic,714,41,2,6,15,No
2336,21,Enterprise,629,31,4,1,14,No
2337,43,Basic,779,13,3,4,35,No
2338,46,Premium,1760,3,0,6,24,No
2339,62,Basic,1914,59,4,1,30,No
2340,51,Premium,1364,50,2,9,30,No
2341,40,Basic,942,52,2,4,27,No
2342,54,Enterprise,1523,34,3,9,14,No
2343,28,Enterprise,874,49,6,9,11,No
2344,23,Basic,510,28,5,6,26,No
2345,35,Enterprise,670,19,5,7,21,No
2346,38,Enterprise,1616,23,0,1,9,No
2347,59,Premium,1865,45,4,5,1,No
2348,53,Premium,1668,32,4,3,6,Yes
2349,58,Basic,1981,13,3,10,1,No
2350,55,Premium,1008,33,4,10,22,No
2351,51,Basic,371,34,2,6,13,No
2352,34,Basic,775,33,2,4,38,No
2353,54,Enterprise,230,56,1,9,31,No
2354,42,Basic,246,5,5,7,15,No
2355,55,Premium,329,56,2,4,2,Yes
2356,29,Premium,551,3,0,6,31,No
2357,40,Enterprise,1177,7,3,2,26,No
2358,59,Enterprise,1845,24,3,3,2,Yes
2359,39,Basic,1804,22,4,7,11,No
2360,38,Basic,257,45,2,4,33,No
2361,44,Basic,1329,23,4,10,18,No
2362,48,Basic,1011,30,4,7,21,No
2363,23,Basic,1553,18,0,9,31,No
2364,44,Basic,967,32,1,5,26,No
2365,57,Premium,882,56,4,1,30,No
2366,51,Premium,1606,53,1,5,39,No
2367,29,Basic,1385,7,3,6,21,No
2368,62,Premium,1196,33,2,2,16,No
2369,24,Basic,485,5,3,8,7,Yes
2370,27,Basic,1294,49,0,2,22,No
2371,62,Premium,1990,28,0,9,7,No
2372,34,Premium,1677,8,4,2,2,Yes
2373,43,Premium,1085,15,1,3,37,No
2374,38,Basic,1790,52,2,8,14,No
2375,45,Premium,596,4,1,6,8,No
2376,63,Premium,1738,34,5,1,29,No
2377,19,Premium,225,5,1,4,7,Yes
2378,60,Premium,512,33,3,5,38,No
2379,18,Enterprise,325,57,2,3,22,No
2380,53,Premium,1631,5,3,1,17,Yes
2381,43,Premium,1788,38,1,3,16,No
2382,46,Enterprise,1421,34,5,9,33,No
2383,38,Premium,1010,58,1,2,39,No
2384,28,Basic,387,26,3,1,35,No
2385,57,Premium,897,1,4,7,38,No
2386,28,Basic,1009,4,4,7,32,No
2387,53,Basic,915,39,1,5,3,No
2388,56,Premium,1707,54,4,2,3,Yes
2389,57,Enterprise,649,26,1,1,8,No
2390,52,Enterprise,722,33,2,5,31,No
2391,51,Basic,1577,33,3,10,9,No
2392,64,Premium,1185,8,5,4,5,Yes
2393,41,Basic,857,20,3,9,28,No
2394,39,Enterprise,796,16,5,5,15,No
2395,22,Enterprise,299,21,1,10,27,No
2396,50,Premium,815,45,2,2,31,No
2397,53,Premium,1147,55,2,4,18,No
2398,64,Premium,1781,56,4,9,38,No
2399,37,Premium,755,26,1,8,4,No
2400,36,Basic,477,23,2,3,21,No
2401,52,Basic,1916,18,1,8,23,No
2402,60,Premium,1922,31,2,2,22,No
2403,34,Premium,1849,52,4,3,1,Yes
2404,62,Basic,690,42,1,5,25,No
2405,60,Enterprise,454,12,8,10,28,No
2406,51,Basic,580,1,6,10,37,Yes
2407,26,Premium,1091,42,4,8,11,No
2408,43,Premium,741,9,4,1,22,No
2409,19,Premium,1487,3,2,4,25,Yes
2410,26,Premium,1833,51,3,1,21,No
2411,26,Basic,1024,26,5,1,36,No
2412,57,Basic,1078,9,3,5,20,No
2413,34,Premium,1552,42,3,6,16,No
2414,18,Premium,1338,51,1,1,28,No
2415,42,Basic,1499,16,3,6,29,No
2416,60,Premium,1711,24,3,5,26,No
2417,57,Basic,480,50,3,4,2,Yes
2418,59,Premium,1498,14,3,10,10,No
2419,42,Premium,972,3,2,5,13,No
2420,56,Basic,1042,34,3,8,15,No
2421,52,Basic,918,33,3,9,9,No
2422,20,Premium,527,50,5,2,27,No
2423,54,Premium,410,24,1,6,8,No
2424,61,Premium,926,9,3,3,6,Yes
2425,61,Premium,1122,13,5,2,36,No
2426,47,Premium,751,2,2,1,24,Yes
2427,55,Enterprise,225,7,2,4,3,Yes
2428,51,Premium,226,48,2,8,26,No
2429,29,Basic,901,21,3,3,36,No
2430,36,Basic,1306,19,1,5,21,No
2431,54,Basic,881,25,2,10,13,No
2432,61,Premium,612,47,1,5,11,No
2433,34,Basic,366,22,2,5,8,No
2434,27,Enterprise,1923,11,2,9,14,No
2435,64,Premium,368,33,2,8,33,No
2436,29,Premium,428,32,3,8,2,No
2437,33,Basic,1832,21,2,1,1,Yes
2438,41,Basic,566,39,1,1,11,No
2439,36,Basic,727,20,4,2,6,Yes
2440,25,Basic,990,8,3,8,32,No
2441,48,Basic,1870,42,3,10,15,No
2442,38,Premium,1761,37,1,1,12,No
2443,34,Enterprise,723,9,7,4,37,Yes
2444,40,Enterprise,1295,25,5,9,29,No
2445,54,Premium,1868,25,1,2,22,No
2446,33,Basic,305,33,5,3,14,No
2447,23,Enterprise,931,2,3,6,19,No
2448,25,Enterprise,1164,19,7,10,5,Yes
2449,42,Basic,1912,46,2,3,35,No
2450,35,Premium,1505,20,2,4,25,No
2451,42,Basic,332,42,2,9,38,No
2452,29,Premium,733,41,3,9,9,No
2453,32,Enterprise,1174,42,3,10,7,No
2454,43,Basic,468,29,2,5,18,No
2455,58,Enterprise,1635,6,2,7,2,No
2456,62,Premium,872,17,1,9,10,No
2457,43,Enterprise,1842,25,4,8,2,No
2458,64,Basic,990,38,8,7,8,No
2459,49,Premium,1970,4,5,8,7,Yes
2460,27,Basic,217,30,3,5,35,No
2461,33,Basic,1977,20,4,5,23,No
2462,24,Basic,316,3,3,5,8,No
2463,34,Enterprise,997,23,3,1,21,No
2464,40,Premium,1367,51,5,6,33,No
2465,43,Enterprise,1940,18,4,5,1,No
2466,38,Enterprise,750,26,3,8,12,No
2467,39,Basic,1128,56,1,8,11,No
2468,24,Basic,1889,36,3,2,30,No
2469,31,Basic,1911,8,6,6,4,Yes
2470,32,Basic,952,17,2,10,34,No
2471,24,Basic,621,31,1,10,23,No
2472,26,Basic,1592,37,3,6,32,No
2473,25,Basic,845,45,4,3,3,Yes
2474,40,Basic,757,57,2,1,28,No
2475,46,Basic,249,33,1,7,4,No
2476,35,Basic,877,27,3,10,12,No
2477,48,Enterprise,305,45,2,5,24,No
2478,47,Premium,1439,4,7,10,33,Yes
2479,56,Enterprise,857,22,3,5,3,No
2480,52,Basic,1648,26,3,8,4,No
2481,35,Basic,1295,32,6,5,30,No
2482,59,Premium,1187,24,5,5,6,No
2483,56,Basic,1041,46,5,1,30,No
2484,34,Basic,1982,35,5,2,8,No
2485,31,Basic,645,37,7,5,18,No
2486,48,Basic,1409,32,1,7,16,No
2487,41,Basic,269,7,4,3,6,Yes
2488,52,Basic,349,33,0,1,24,No
2489,61,Premium,1469,31,4,2,28,No
2490,62,Basic,973,55,6,3,32,Yes
2491,51,Basic,1761,12,2,9,25,No
2492,20,Premium,1875,11,2,8,28,No
2493,54,Basic,1322,24,3,4,21,No
2494,60,Basic,1501,8,2,8,8,No
2495,57,Enterprise,1786,32,7,9,36,No
2496,43,Basic,1886,57,2,3,9,No
2497,40,Basic,1143,38,4,6,21,No
2498,61,Basic,654,22,3,8,1,No
2499,56,Basic,1327,34,2,10,4,No
2500,32,Premium,1145,19,3,7,10,No
2501,21,Premium,800,52,2,9,26,No
2502,46,Basic,852,20,1,7,3,No
2503,39,Premium,924,56,3,1,9,No
2504,42,Premium,432,14,3,9,32,No
2505,30,Basic,1617,33,0,5,3,No
2506,35,Premium,1724,10,2,6,4,No
2507,50,Basic,1918,16,3,2,6,Yes
2508,33,Basic,450,4,1,2,9,Yes
2509,62,Basic,1744,27,2,4,26,No
2510,59,Basic,278,28,5,4,2,Yes
2511,61,Basic,1275,43,4,5,2,No
2512,19,Premium,1097,16,2,7,21,No
2513,52,Basic,1120,59,3,1,22,No
2514,59,Basic,980,52,2,10,3,No
2515,51,Basic,425,33,2,4,35,No
2516,47,Premium,1274,48,6,9,38,No
2517,30,Premium,1409,19,2,8,33,No
2518,30,Premium,1257,21,3,3,15,No
2519,35,Premium,1002,22,2,6,11,No
2520,49,Enterprise,941,9,3,9,10,No
2521,49,Basic,330,9,4,8,36,No
2522,52,Premium,1222,9,1,7,14,No
2523,56,Premium,831,27,2,7,2,No
2524,63,Enterprise,1666,17,6,1,37,Yes
2525,46,Enterprise,1037,44,1,5,29,No
2526,46,Basic,958,57,1,7,35,No
2527,61,Basic,1655,45,3,2,20,No
2528,33,Basic,903,8,3,6,21,No
2529,61,Premium,696,16,1,2,34,No
2530,64,Basic,1626,18,2,3,33,No
2531,27,Basic,522,59,2,1,19,No
2532,47,Premium,1433,33,3,3,8,No
2533,42,Basic,814,1,4,7,31,No
2534,56,Enterprise,528,12,2,5,11,No
2535,37,Basic,1595,6,4,4,8,No
2536,22,Basic,1683,41,4,8,25,No
2537,18,Basic,332,55,4,8,20,No
2538,47,Premium,1034,5,5,1,38,Yes
2539,20,Basic,850,59,4,9,7,No
2540,62,Basic,320,16,5,9,13,No
2541,31,Enterprise,805,18,2,2,39,No
2542,47,Basic,1675,49,2,2,10,No
2543,21,Premium,1164,18,5,8,8,No
2544,35,Premium,328,1,1,6,20,No
2545,54,Basic,1314,19,1,3,17,No
2546,42,Premium,1827,54,1,2,11,No
2547,18,Basic,1798,8,3,5,16,No
2548,63,Premium,228,3,2,8,37,No
2549,32,Basic,921,58,6,6,32,No
2550,26,Premium,1747,25,1,3,26,No
2551,32,Basic,532,58,1,9,37,No
2552,41,Premium,1520,5,2,8,9,No
2553,21,Basic,1353,55,3,10,35,No
2554,29,Basic,1516,40,3,6,3,No
2555,54,Basic,1396,19,3,1,31,No
2556,54,Basic,1943,18,0,2,7,Yes
2557,60,Premium,1143,50,3,4,2,Yes
2558,23,Basic,1247,53,3,2,25,No
2559,56,Enterprise,1322,31,1,3,12,No
2560,63,Enterprise,1629,33,1,8,30,No
2561,41,Premium,555,47,2,9,30,No
2562,28,Basic,338,18,4,6,29,No
2563,30,Basic,1726,57,4,4,11,No
2564,51,Premium,1397,39,5,2,23,No
2565,42,Basic,228,16,4,7,17,No
2566,24,Basic,1130,16,3,10,13,No
2567,21,Premium,695,47,0,7,33,No
2568,25,Premium,1213,38,3,10,1,No
2569,37,Premium,854,41,4,9,13,No
2570,46,Basic,1027,7,3,5,38,No
2571,62,Premium,550,14,3,10,3,No
2572,63,Basic,753,43,1,4,16,No
2573,27,Basic,498,53,3,10,7,No
2574,60,Enterprise,1943,48,0,6,3,No
2575,51,Basic,1415,25,4,2,14,No
2576,43,Basic,1895,32,0,2,16,No
2577,58,Basic,263,38,4,9,4,No
2578,20,Enterprise,954,22,4,7,31,No
2579,23,Premium,969,59,2,7,13,No
2580,22,Premium,1887,16,3,5,27,No
2581,22,Premium,1438,52,3,7,1,No
2582,64,Basic,1033,29,8,9,25,No
2583,40,Basic,365,16,5,10,37,No
2584,26,Basic,1766,12,3,5,11,No
2585,52,Basic,1455,17,2,9,9,No
2586,37,Basic,1764,37,3,1,7,Yes
2587,59,Enterprise,1418,27,3,3,14,No
2588,52,Basic,705,25,1,7,30,No
2589,35,Basic,1557,13,4,4,24,No
2590,34,Basic,1991,8,8,2,3,Yes
2591,41,Basic,992,56,1,3,39,No
2592,20,Enterprise,1527,5,5,7,27,No
2593,49,Basic,1032,12,5,8,1,No
2594,52,Basic,1660,41,4,9,38,No
2595,55,Premium,1546,3,10,6,26,Yes
2596,30,Basic,1725,35,5,10,6,No
2597,64,Basic,1057,33,3,9,12,No
2598,42,Basic,1616,57,3,4,38,No
2599,26,Premium,1005,22,2,5,35,No
2600,21,Enterprise,1822,50,4,1,10,No
2601,31,Premium,1372,56,2,9,9,No
2602,54,Basic,960,44,2,9,23,No
2603,51,Premium,1032,9,2,9,30,No
2604,28,Basic,1628,41,3,3,22,No
2605,58,Basic,482,18,5,10,9,No
2606,20,Basic,1585,50,5,10,19,No
2607,45,Basic,578,29,4,10,8,No
2608,46,Premium,397,39,6,8,4,Yes
2609,26,Premium,1214,27,4,3,5,Yes
2610,20,Enterprise,1223,36,1,6,19,No
2611,42,Premium,755,45,6,5,18,No
2612,51,Premium,555,17,3,8,29,No
2613,29,Basic,1763,56,1,3,19,No
2614,59,Basic,1652,34,3,1,6,Yes
2615,26,Premium,1240,46,2,9,5,No
2616,32,Basic,838,3,2,10,5,Yes
2617,57,Premium,578,5,4,9,8,No
2618,42,Basic,879,14,3,3,27,No
2619,22,Basic,705,3,2,2,37,Yes
2620,28,Basic,1979,23,2,4,38,No
2621,51,Basic,1098,39,2,8,37,No
2622,41,Basic,275,30,1,6,18,No
2623,32,Premium,430,50,3,10,26,No
2624,55,Basic,1939,45,3,1,16,No
2625,25,Premium,1161,23,2,8,22,No
2626,22,Basic,1471,27,0,5,23,No
2627,43,Basic,501,54,2,6,3,No
2628,35,Basic,925,10,3,5,3,No
2629,23,Premium,414,25,4,10,12,No
2630,54,Basic,1381,13,4,5,23,No
2631,30,Premium,268,16,1,3,11,No
2632,45,Basic,592,41,1,4,29,No
2633,22,Premium,1308,34,2,5,6,No
2634,30,Basic,466,55,8,2,16,Yes
2635,34,Premium,1292,37,2,6,34,No
2636,57,Premium,810,22,8,2,37,Yes
2637,62,Enterprise,1570,17,0,4,11,No
2638,49,Basic,1208,23,4,1,11,No
2639,46,Basic,1161,54,3,4,25,No
2640,20,Basic,927,36,4,7,19,No
2641,57,Premium,872,49,6,8,32,No
2642,51,Premium,622,9,5,2,8,No
2643,57,Premium,1829,52,1,3,12,No
2644,44,Basic,1397,2,5,1,35,Yes
2645,30,Basic,1900,32,4,7,6,No
2646,62,Basic,314,56,4,4,21,No
2647,50,Enterprise,419,50,0,10,26,No
2648,23,Premium,230,53,2,8,1,No
2649,41,Enterprise,1746,59,5,5,17,No
2650,36,Basic,1566,22,6,9,35,No
2651,33,Premium,1600,43,1,6,27,No
2652,57,Premium,1353,13,6,10,2,Yes
2653,45,Basic,816,8,3,2,36,No
2654,50,Premium,738,59,2,1,1,Yes
2655,58,Enterprise,938,1,6,1,10,Yes
2656,30,Enterprise,1225,17,1,9,31,No
2657,60,Premium,1070,12,4,1,37,No
2658,62,Basic,300,4,2,3,5,Yes
2659,42,Basic,1756,53,5,2,13,No
2660,59,Enterprise,1281,13,1,4,24,No
2661,53,Basic,1612,31,1,1,27,No
2662,44,Premium,891,41,3,1,1,Yes
2663,55,Premium,1140,59,1,4,20,No
2664,24,Premium,540,7,4,4,8,No
2665,22,Enterprise,1060,23,3,7,3,No
2666,60,Basic,1243,24,2,8,32,No
2667,62,Basic,1478,5,2,8,25,No
2668,48,Basic,1540,5,5,8,25,No
2669,40,Basic,237,17,3,9,14,No
2670,59,Basic,859,30,4,1,27,No
2671,27,Basic,1760,9,2,9,32,No
2672,49,Premium,1609,6,6,10,27,No
2673,60,Enterprise,1856,25,2,8,4,No
2674,47,Basic,1127,19,2,1,39,No
2675,56,Basic,1249,16,2,7,11,No
2676,48,Enterprise,653,21,4,9,3,No
2677,35,Basic,1904,2,2,4,25,Yes
2678,53,Basic,1546,10,2,9,24,No
2679,19,Basic,936,16,2,1,9,No
2680,31,Premium,1736,37,5,9,8,No
2681,30,Basic,1018,15,6,6,39,No
2682,46,Enterprise,972,13,3,4,31,No
2683,29,Basic,212,13,3,5,17,No
2684,56,Premium,1114,32,0,7,31,No
2685,19,Basic,1783,45,1,10,4,No
2686,49,Basic,1120,47,1,4,4,Yes
2687,30,Premium,1024,46,4,8,37,No
2688,63,Premium,570,8,4,3,8,No
2689,44,Premium,1514,43,2,2,6,Yes
2690,58,Premium,531,18,4,1,9,No
2691,34,Enterprise,1829,56,6,6,8,No
2692,57,Premium,460,36,4,2,32,No
2693,48,Premium,1428,26,2,8,15,No
2694,51,Basic,896,10,1,10,18,No
2695,41,Basic,886,31,3,4,23,No
2696,62,Basic,1149,33,2,9,5,No
2697,52,Premium,586,29,6,4,27,Yes
2698,23,Basic,1020,5,0,4,33,Yes
2699,36,Basic,667,13,0,8,2,No
2700,47,Enterprise,1638,1,2,8,38,No
2701,24,Enterprise,268,23,4,5,28,No
2702,27,Enterprise,1695,40,5,3,24,No
2703,58,Basic,1327,3,2,2,21,Yes
2704,49,Premium,1981,3,6,9,31,Yes
2705,51,Basic,1384,7,1,9,11,No
2706,45,Basic,399,36,4,5,28,No
2707,32,Basic,415,35,12,8,4,Yes
2708,47,Basic,411,15,3,7,16,No
2709,54,Basic,707,40,3,3,12,No
2710,46,Premium,215,3,5,5,22,No
2711,39,Basic,1721,29,5,9,35,No
2712,21,Premium,1083,30,2,4,16,No
2713,37,Premium,531,39,4,3,24,No
2714,49,Basic,916,18,3,7,35,No
2715,53,Basic,750,11,2,8,28,No
2716,21,Basic,1824,43,3,5,29,No
2717,44,Premium,1141,49,4,8,21,No
2718,34,Basic,455,38,4,5,25,No
2719,29,Basic,1191,40,1,9,39,No
2720,39,Basic,1989,1,6,7,31,Yes
2721,34,Premium,927,29,2,5,15,No
2722,27,Enterprise,1079,10,2,9,35,No
2723,18,Basic,1014,28,3,5,38,No
2724,39,Premium,1395,57,2,8,22,No
2725,43,Premium,848,31,4,4,5,Yes
2726,35,Enterprise,1199,19,3,9,13,No
2727,31,Premium,1721,3,3,6,32,No
2728,64,Premium,670,36,4,6,3,No
2729,46,Premium,1607,43,1,3,15,No
2730,29,Enterprise,889,15,3,3,27,No
2731,53,Basic,1812,33,0,4,27,No
2732,52,Basic,899,41,1,1,30,No
2733,29,Basic,706,43,1,6,6,No
2734,24,Premium,1191,51,3,1,25,No
2735,46,Premium,1209,45,2,4,28,No
2736,28,Basic,1750,26,4,7,22,No
2737,50,Premium,1003,16,5,6,4,No
2738,23,Basic,1030,36,3,8,15,No
2739,64,Basic,1548,33,3,4,26,No
2740,32,Enterprise,413,20,4,9,18,No
2741,49,Basic,1431,13,6,10,9,No
2742,28,Basic,368,33,3,8,4,No
2743,40,Premium,1553,5,3,5,5,Yes
2744,43,Premium,1503,37,2,6,6,No
2745,51,Basic,1177,14,3,5,12,No
2746,63,Premium,1528,27,1,6,31,No
2747,51,Premium,345,23,4,1,9,No
2748,46,Basic,1998,14,3,4,7,Yes
2749,21,Basic,715,40,1,9,29,No
2750,34,Premium,1313,4,1,4,14,Yes
2751,52,Basic,652,39,1,2,20,No
2752,30,Enterprise,259,52,0,6,32,No
2753,58,Premium,1534,19,2,2,22,No
2754,56,Enterprise,727,47,3,3,36,No
2755,32,Basic,1450,54,2,7,18,No
2756,46,Enterprise,1223,4,3,4,25,Yes
2757,46,Basic,673,30,3,1,31,No
2758,28,Basic,1764,19,6,9,35,No
2759,49,Basic,1886,31,2,6,26,No
2760,19,Basic,956,31,3,9,4,No
2761,64,Premium,981,9,4,3,20,No
2762,31,Basic,1302,53,2,5,34,No
2763,37,Basic,632,13,4,9,12,No
2764,39,Premium,1376,14,8,6,16,No
2765,28,Basic,600,55,1,2,5,Yes
2766,44,Premium,1502,46,3,1,35,No
2767,20,Basic,256,54,3,9,27,No
2768,34,Premium,1202,10,1,1,1,Yes
2769,61,Premium,385,48,1,5,34,No
2770,45,Basic,597,31,2,1,32,No
2771,46,Basic,804,37,6,5,39,No
2772,38,Basic,987,23,2,5,33,No
2773,64,Premium,357,27,3,7,31,No
2774,33,Basic,1916,6,4,7,13,No
2775,54,Basic,1582,26,3,10,2,No
2776,37,Basic,1663,2,2,1,30,Yes
2777,23,Basic,788,45,4,9,10,No
2778,36,Basic,665,13,3,1,23,No
2779,22,Premium,1886,51,4,5,33,No
2780,20,Basic,645,50,6,7,39,No
2781,18,Basic,1973,19,4,8,29,No
2782,55,Premium,1000,1,5,2,30,Yes
2783,32,Premium,1966,40,3,1,34,No
2784,51,Basic,1711,32,5,4,39,No
2785,52,Basic,1753,22,3,4,17,No
2786,42,Basic,1296,48,2,10,22,No
2787,41,Enterprise,1128,29,3,6,5,No
2788,29,Basic,1924,2,3,1,11,Yes
2789,35,Enterprise,216,40,4,1,22,No
2790,32,Premium,1754,38,1,3,32,No
2791,61,Premium,930,48,3,5,24,No
2792,33,Basic,525,55,5,6,11,No
2793,44,Basic,1194,11,0,5,11,No
2794,25,Basic,1855,17,1,5,17,No
2795,63,Basic,812,55,1,9,32,No
2796,42,Premium,745,51,2,2,19,No
2797,34,Enterprise,795,43,4,1,27,No
2798,46,Premium,1120,8,1,6,32,No
2799,25,Premium,1931,22,0,9,25,No
2800,32,Basic,1041,4,2,7,28,No
2801,44,Basic,1425,11,8,8,27,No
2802,63,Basic,543,8,3,5,14,No
2803,24,Premium,1746,9,4,10,39,No
2804,20,Enterprise,1058,26,4,4,2,Yes
2805,46,Premium,1623,2,2,6,17,No
2806,61,Basic,1441,16,2,3,1,Yes
2807,41,Basic,644,31,2,1,32,No
2808,20,Premium,1988,6,3,4,19,No
2809,37,Basic,421,53,5,9,14,No
2810,63,Premium,1606,21,1,4,31,No
2811,32,Premium,791,26,3,1,18,No
2812,42,Premium,1230,59,0,4,14,No
2813,47,Basic,1495,19,4,7,14,No
2814,31,Basic,1962,28,5,3,24,No
2815,24,Basic,1217,8,4,10,5,No
2816,34,Basic,215,14,4,6,16,No
2817,61,Basic,1647,24,2,1,5,Yes
2818,37,Premium,723,48,2,4,13,No
2819,53,Premium,1002,44,3,3,16,No
2820,26,Basic,1976,37,4,1,15,No
2821,55,Basic,220,56,4,3,31,No
2822,39,Basic,1913,26,1,4,5,Yes
2823,19,Basic,427,31,2,5,21,No
2824,41,Premium,1207,56,3,6,30,No
2825,25,Basic,1511,51,2,2,23,No
2826,28,Basic,1008,32,2,2,38,No
2827,30,Basic,1357,50,3,6,29,No
2828,34,Enterprise,1506,41,5,5,13,No
2829,25,Premium,603,2,5,1,32,Yes
2830,38,Basic,1888,25,0,3,27,No
2831,35,Premium,1289,52,2,5,34,No
2832,47,Premium,1872,44,4,2,33,No
2833,35,Enterprise,1827,2,3,1,4,Yes
2834,63,Basic,636,42,4,9,18,No
2835,64,Enterprise,1028,1,3,5,6,Yes
2836,48,Enterprise,1133,36,4,2,28,No
2837,55,Enterprise,458,57,7,10,27,No
2838,49,Premium,302,12,6,4,26,Yes
2839,28,Premium,1192,9,1,3,20,No
2840,62,Basic,1790,36,3,7,13,No
2841,42,Premium,968,41,4,1,28,No
2842,50,Premium,1324,28,4,10,34,No
2843,55,Premium,1421,38,4,4,23,No
2844,58,Basic,1012,33,3,7,10,No
2845,25,Premium,425,42,5,10,30,No
2846,28,Premium,1142,46,3,5,22,No
2847,39,Basic,662,22,3,4,5,Yes
2848,41,Premium,436,25,6,4,9,Yes
2849,58,Premium,1249,18,3,2,4,Yes
2850,34,Premium,1344,6,3,8,1,No
2851,29,Basic,705,18,5,4,34,No
2852,63,Basic,1405,52,5,2,26,No
2853,49,Enterprise,1934,16,3,9,18,No
2854,32,Basic,1013,15,3,10,16,No
2855,33,Premium,966,48,1,7,23,No
2856,39,Basic,833,8,0,3,36,No
2857,45,Premium,1766,13,3,7,26,No
2858,37,Basic,1538,55,2,1,2,Yes
2859,50,Premium,1190,43,1,1,5,Yes
2860,27,Basic,817,57,4,4,29,No
2861,57,Basic,1959,7,2,4,4,Yes
2862,49,Basic,472,17,3,4,35,No
2863,50,Basic,431,50,0,9,22,No
2864,19,Enterprise,1643,32,4,6,8,No
2865,50,Enterprise,967,22,3,3,21,No
2866,50,Basic,1665,55,4,6,8,No
2867,58,Premium,695,51,2,2,5,Yes
2868,30,Basic,1247,57,2,2,21,No
2869,47,Premium,1332,13,4,7,27,No
2870,50,Premium,1926,47,2,3,38,No
2871,30,Enterprise,701,23,2,7,5,No
2872,43,Basic,224,54,4,3,21,No
2873,39,Premium,1410,29,1,2,8,No
2874,56,Basic,487,22,3,4,22,No
2875,19,Enterprise,1851,1,0,4,18,Yes
2876,55,Basic,537,29,3,3,4,Yes
2877,56,Premium,1260,48,1,9,4,No
2878,43,Premium,336,5,2,6,37,No
2879,63,Premium,707,58,3,5,15,No
2880,32,Basic,426,35,2,6,38,No
2881,51,Enterprise,519,55,1,8,27,No
2882,59,Basic,1115,10,2,5,21,No
2883,61,Premium,1405,19,1,4,4,Yes
2884,57,Basic,285,37,6,7,11,No
2885,28,Basic,1690,7,1,5,19,No
2886,20,Premium,1125,46,1,4,19,No
2887,23,Basic,252,35,0,5,27,No
2888,26,Basic,1059,45,2,4,28,No
2889,23,Basic,1066,13,1,8,5,No
2890,26,Basic,1458,10,3,8,25,No
2891,56,Premium,632,2,1,1,3,Yes
2892,48,Enterprise,1719,6,5,3,26,No
2893,49,Basic,1198,8,3,4,10,No
2894,58,Basic,299,36,3,2,24,No
2895,29,Basic,1189,25,0,5,29,No
2896,25,Basic,798,44,3,8,7,No
2897,25,Premium,602,47,1,2,23,No
2898,45,Premium,595,40,5,9,27,No
2899,37,Basic,1750,7,2,7,9,No
2900,64,Basic,614,46,2,6,3,No
2901,24,Basic,1138,23,3,8,13,No
2902,28,Premium,1836,19,7,2,6,Yes
2903,37,Enterprise,876,46,2,5,38,No
2904,33,Basic,662,22,2,4,21,No
2905,21,Basic,740,13,4,8,19,No
2906,23,Enterprise,1849,21,4,1,25,No
2907,39,Enterprise,1842,1,2,3,39,Yes
2908,43,Basic,1587,59,1,10,4,No
2909,20,Basic,1353,19,3,8,22,No
2910,58,Basic,283,33,3,5,5,No
2911,59,Premium,470,4,6,4,1,Yes
2912,31,Basic,443,42,0,6,17,No
2913,28,Basic,587,3,2,5,9,No
2914,35,Premium,413,27,1,3,9,No
2915,29,Basic,1017,52,2,5,24,No
2916,40,Premium,1389,41,5,4,10,No
2917,29,Basic,258,35,1,1,20,No
2918,30,Basic,1825,28,4,1,17,No
2919,42,Premium,1082,6,6,7,13,No
2920,62,Basic,1042,6,2,4,29,No
2921,36,Enterprise,1123,55,2,1,36,No
2922,63,Premium,1727,57,4,6,23,No
2923,53,Basic,1929,44,1,1,27,No
2924,62,Premium,322,23,3,8,18,No
2925,25,Basic,1871,33,2,9,18,No
2926,46,Enterprise,1636,16,7,3,9,Yes
2927,49,Basic,1362,24,1,7,3,No
2928,61,Premium,1452,5,3,5,7,Yes
2929,35,Basic,1497,41,3,3,15,No
2930,23,Basic,638,42,5,5,30,No
2931,35,Premium,1221,13,5,10,9,No
2932,36,Premium,761,47,3,7,27,No
2933,39,Basic,317,12,4,7,36,No
2934,54,Basic,1937,5,2,9,18,No
2935,49,Premium,1104,37,4,8,31,No
2936,58,Enterprise,1706,31,2,4,17,No
2937,20,Basic,594,28,4,5,6,No
2938,45,Basic,1926,28,0,5,39,No
2939,27,Basic,1075,30,3,10,25,No
2940,52,Enterprise,1683,18,3,2,38,No
2941,46,Basic,1916,44,3,7,38,No
2942,32,Basic,1134,27,1,7,31,No
2943,50,Premium,1301,35,4,9,29,No
2944,24,Basic,1151,26,0,9,9,No
2945,29,Basic,1635,57,4,4,1,Yes
2946,47,Basic,274,39,2,5,16,No
2947,38,Basic,494,49,6,7,38,No
2948,48,Basic,220,51,2,10,23,No
2949,41,Premium,1394,18,4,7,8,No
2950,37,Basic,1238,33,3,10,12,No
2951,54,Premium,1434,25,6,8,10,No
2952,21,Premium,759,56,3,8,16,No
2953,45,Premium,1309,31,2,2,24,No
2954,61,Basic,1372,37,2,9,39,No
2955,37,Basic,1923,59,3,4,8,No
2956,41,Basic,571,2,2,1,11,Yes
2957,49,Basic,1703,33,2,1,26,No
2958,58,Basic,1017,39,4,5,7,No
2959,53,Premium,1374,43,3,7,15,No
2960,51,Basic,1364,43,7,5,15,No
2961,53,Basic,1292,32,6,3,3,Yes
2962,19,Basic,1483,18,4,7,16,No
2963,32,Premium,1045,17,4,1,15,No
2964,51,Basic,720,34,3,1,25,No
2965,53,Premium,1856,39,3,2,33,No
2966,23,Basic,570,7,5,1,14,No
2967,56,Enterprise,1642,42,1,9,24,No
2968,59,Enterprise,300,54,5,4,11,No
2969,29,Basic,860,53,2,7,3,No
2970,20,Basic,1881,35,8,5,9,No
2971,62,Basic,1167,30,5,7,6,No
2972,35,Basic,442,12,3,7,31,No
2973,57,Premium,952,35,3,1,16,No
2974,38,Premium,711,11,2,1,11,No
2975,32,Premium,1048,44,2,3,17,No
2976,50,Premium,754,57,2,10,3,No
2977,52,Basic,1318,4,6,2,19,Yes
2978,43,Basic,425,25,0,7,24,No
2979,25,Premium,1741,48,1,3,8,No
2980,53,Basic,413,32,3,7,36,No
2981,47,Premium,917,20,6,9,2,Yes
2982,40,Basic,266,50,3,1,23,No
2983,59,Basic,595,31,4,3,30,No
2984,61,Enterprise,811,4,1,6,25,No
2985,31,Basic,1235,54,4,9,7,No
2986,31,Enterprise,1460,38,2,5,28,No
2987,19,Enterprise,969,53,5,3,17,No
2988,54,Premium,1622,47,3,8,32,No
2989,22,Premium,606,1,2,5,1,Yes
2990,55,Premium,1124,3,5,6,27,No
2991,62,Enterprise,1703,37,1,2,36,No
2992,58,Basic,846,22,3,4,7,Yes
2993,64,Basic,421,17,1,1,3,Yes
2994,31,Premium,1379,14,4,4,30,No
2995,56,Basic,853,41,2,1,1,Yes
2996,42,Basic,627,35,3,4,34,No
2997,37,Basic,1381,58,3,2,38,No
2998,19,Premium,1176,13,2,6,36,No
2999,56,Enterprise,1639,35,4,6,33,No
3000,23,Basic,1205,43,1,8,16,No
3001,34,Enterprise,1549,2,3,9,38,No
3002,42,Premium,570,56,3,8,11,No
3003,45,Premium,1567,47,2,1,8,No
3004,19,Premium,1485,13,5,3,1,Yes
3005,52,Premium,1506,51,4,6,14,No
3006,54,Basic,1049,54,2,1,30,No
3007,22,Premium,1055,16,6,8,21,No
3008,18,Basic,428,18,5,6,21,No
3009,57,Enterprise,479,7,1,1,34,No
3010,29,Enterprise,1513,45,2,10,38,No
3011,53,Basic,1903,36,1,2,26,No
3012,62,Basic,1270,41,2,6,14,No
3013,40,Premium,1174,30,4,10,35,No
3014,64,Basic,1938,42,3,8,18,No
3015,48,Enterprise,1437,41,3,5,20,No
3016,28,Basic,957,7,6,1,9,Yes
3017,27,Basic,1247,15,1,10,33,No
3018,20,Enterprise,520,40,2,2,4,Yes
3019,31,Premium,473,19,7,4,4,Yes
3020,33,Premium,755,43,0,4,16,No
3021,27,Basic,1043,37,2,7,26,No
3022,46,Premium,1536,2,2,2,6,Yes
3023,27,Premium,1586,42,6,7,37,No
3024,29,Premium,867,48,2,7,22,No
3025,47,Premium,1199,55,3,7,39,No
3026,58,Premium,579,13,4,3,7,Yes
3027,18,Basic,910,40,3,6,30,No
3028,22,Basic,1897,41,3,6,10,No
3029,37,Premium,1693,43,2,4,15,No
3030,25,Basic,945,43,0,1,6,Yes
3031,60,Premium,874,55,2,9,24,No
3032,29,Basic,315,58,6,2,2,Yes
3033,18,Premium,804,31,4,9,15,No
3034,37,Premium,1265,16,4,8,21,No
3035,45,Basic,578,42,3,1,18,No
3036,60,Basic,1945,56,4,7,5,No
3037,54,Basic,1429,44,1,10,25,No
3038,64,Premium,665,57,3,3,36,No
3039,54,Premium,1955,6,1,10,10,No
3040,29,Basic,479,28,3,10,23,No
3041,54,Premium,1871,32,0,9,24,No
3042,61,Basic,817,44,3,5,10,No
3043,45,Basic,317,10,0,3,6,Yes
3044,64,Enterprise,1460,50,4,8,13,No
3045,32,Basic,508,18,1,3,21,No
3046,23,Basic,1679,4,2,7,32,No
3047,61,Basic,1698,9,3,7,15,No
3048,37,Basic,299,7,2,7,2,No
3049,31,Basic,460,50,7,1,15,Yes
3050,19,Basic,1192,8,5,5,17,No
3051,26,Premium,1528,43,1,1,20,No
3052,54,Basic,1577,7,1,7,6,No
3053,37,Premium,485,41,3,8,15,No
3054,43,Basic,527,40,3,7,17,No
3055,46,Basic,1326,3,3,1,26,Yes
3056,18,Premium,262,17,4,3,22,No
3057,52,Enterprise,886,2,2,10,9,No
3058,23,Basic,1505,15,2,3,12,No
3059,54,Enterprise,1664,46,4,7,22,No
3060,22,Premium,1516,29,1,4,23,No
3061,50,Premium,937,50,3,3,37,No
3062,31,Premium,1230,48,5,6,14,No
3063,29,Basic,838,52,4,10,24,No
3064,59,Basic,1135,22,5,6,8,No
3065,37,Premium,1315,4,3,10,26,No
3066,41,Basic,1413,57,1,5,32,No
3067,60,Enterprise,675,52,6,6,28,No
3068,51,Basic,1734,6,6,3,32,Yes
3069,42,Basic,1685,38,5,10,22,No
3070,46,Premium,252,26,3,5,9,No
3071,56,Basic,953,11,4,9,3,No
3072,48,Premium,685,26,2,4,25,No
3073,64,Premium,1867,17,2,2,39,No
3074,60,Enterprise,1713,24,1,5,12,No
3075,40,Premium,1587,28,3,3,29,No
3076,61,Premium,1335,35,3,3,3,Yes
3077,55,Premium,608,31,4,4,23,No
3078,37,Enterprise,1230,13,6,4,23,Yes
3079,40,Basic,1965,54,4,5,18,No
3080,62,Basic,867,35,4,7,11,No
3081,33,Basic,1420,16,5,4,36,No
3082,59,Basic,1034,15,2,7,26,No
3083,25,Premium,1075,43,5,9,8,No
3084,38,Premium,1958,18,1,3,28,No
3085,18,Premium,566,47,2,5,18,No
3086,25,Basic,1201,37,5,4,13,No
3087,46,Premium,449,48,2,9,36,No
3088,49,Basic,1818,48,4,5,12,No
3089,55,Premium,1463,49,4,10,22,No
3090,22,Premium,579,41,4,2,2,Yes
3091,64,Basic,1071,27,4,10,28,No
3092,39,Basic,1034,55,1,1,13,No
3093,64,Basic,1694,35,4,7,33,No
3094,51,Premium,974,52,3,1,3,Yes
3095,18,Enterprise,1118,45,4,8,34,No
3096,43,Premium,1924,54,1,9,23,No
3097,60,Basic,654,35,2,7,32,No
3098,27,Basic,565,28,1,9,20,No
3099,47,Premium,1513,39,2,10,28,No
3100,35,Premium,602,38,4,6,8,No
3101,34,Basic,257,9,3,7,3,No
3102,43,Basic,720,12,5,3,30,No
3103,25,Premium,1527,15,3,9,25,No
3104,64,Basic,1338,21,4,3,30,No
3105,57,Basic,409,52,2,6,29,No
3106,29,Basic,1264,35,5,4,30,No
3107,44,Premium,1015,42,2,9,34,No
3108,25,Enterprise,372,33,2,1,25,No
3109,42,Enterprise,433,51,2,9,17,No
3110,63,Premium,992,19,2,4,24,No
3111,21,Premium,1813,55,5,10,38,No
3112,50,Basic,1843,23,3,5,28,No
3113,18,Premium,992,13,2,1,33,No
3114,36,Basic,1626,44,6,1,36,Yes
3115,48,Premium,1262,1,0,6,7,Yes
3116,33,Basic,318,51,1,10,23,No
3117,31,Basic,534,29,6,1,26,Yes
3118,22,Basic,1559,24,7,2,14,Yes
3119,58,Basic,1762,16,5,3,28,No
3120,43,Basic,1839,25,5,7,24,No
3121,45,Basic,1297,55,3,2,7,Yes
3122,19,Enterprise,1414,23,3,5,36,No
3123,23,Basic,523,28,2,9,39,No
3124,26,Premium,1210,47,2,10,15,No
3125,50,Enterprise,1370,16,1,8,3,No
3126,58,Enterprise,1990,43,1,8,2,No
3127,42,Premium,483,56,2,2,7,Yes
3128,30,Premium,412,38,4,1,16,No
3129,26,Basic,1858,11,5,9,21,No
3130,30,Basic,1941,3,2,10,9,No
3131,48,Basic,1128,15,3,4,12,No
3132,58,Premium,951,1,3,9,29,No
3133,28,Premium,1617,7,4,7,24,No
3134,21,Basic,538,1,8,6,33,Yes
3135,51,Basic,1245,49,4,10,14,No
3136,55,Premium,1994,32,4,9,18,No
3137,63,Basic,304,9,2,10,5,No
3138,21,Premium,1689,29,3,4,15,No
3139,55,Premium,1682,26,2,1,7,Yes
3140,36,Premium,1655,23,0,5,25,No
3141,23,Premium,969,45,3,6,14,No
3142,51,Enterprise,915,43,2,6,36,No
3143,35,Basic,1997,29,3,1,35,No
3144,30,Premium,1842,52,1,7,24,No
3145,58,Premium,962,38,3,8,15,No
3146,40,Basic,1444,33,0,5,11,No
3147,36,Basic,578,7,2,2,24,No
3148,62,Basic,1445,12,3,2,11,No
3149,28,Basic,1481,31,3,5,17,No
3150,18,Premium,912,32,0,7,6,No
3151,41,Premium,1590,54,5,7,21,No
3152,24,Basic,1993,20,2,4,8,No
3153,42,Basic,1572,55,5,3,15,No
3154,38,Enterprise,424,51,3,9,32,No
3155,32,Basic,1937,17,3,7,10,No
3156,18,Basic,937,36,3,2,28,No
3157,29,Premium,435,3,2,1,15,Yes
3158,24,Premium,382,1,5,2,12,Yes
3159,32,Basic,911,50,2,3,18,No
3160,38,Basic,1981,27,2,5,37,No
3161,36,Basic,643,53,2,3,24,No
3162,46,Premium,822,47,3,10,37,No
3163,42,Premium,1229,40,2,9,29,No
3164,50,Basic,1459,33,2,10,10,No
3165,49,Premium,1350,20,2,4,14,No
3166,52,Premium,1327,14,1,7,16,No
3167,61,Basic,948,36,3,4,37,No
3168,55,Basic,1703,5,0,3,11,Yes
3169,43,Premium,354,23,1,10,26,No
3170,28,Basic,456,45,6,1,19,Yes
3171,52,Basic,434,56,1,9,18,No
3172,25,Premium,699,15,5,1,30,No
3173,63,Enterprise,488,6,2,1,32,No
3174,31,Premium,709,33,5,1,23,No
3175,27,Premium,1775,55,3,5,12,No
3176,19,Premium,908,19,0,7,13,No
3177,63,Basic,984,13,1,7,21,No
3178,26,Premium,1093,29,3,10,21,No
3179,20,Basic,975,6,0,1,29,No
3180,38,Basic,1792,15,1,6,29,No
3181,43,Premium,497,16,0,9,27,No
3182,25,Premium,1833,24,4,6,29,No
3183,19,Basic,336,23,1,4,15,No
3184,23,Enterprise,575,48,0,10,12,No
3185,45,Basic,286,10,2,9,19,No
3186,46,Basic,1642,54,4,3,12,No
3187,43,Basic,1977,41,4,10,23,No
3188,42,Premium,1422,41,4,4,5,Yes
3189,29,Premium,1686,49,1,4,26,No
3190,22,Basic,636,17,3,4,10,No
3191,51,Premium,1533,49,2,6,22,No
3192,54,Basic,1819,56,1,7,39,No
3193,32,Premium,1977,44,0,9,23,No
3194,61,Basic,1504,45,4,3,11,No
3195,53,Basic,1546,30,2,8,28,No
3196,32,Enterprise,963,44,2,8,31,No
3197,60,Basic,901,46,1,1,8,No
3198,40,Basic,1141,10,3,5,39,No
3199,23,Premium,351,55,4,10,28,No
3200,63,Enterprise,1525,19,6,5,16,No
3201,61,Basic,1501,29,2,8,31,No
3202,60,Basic,1874,2,2,8,16,No
3203,62,Basic,1911,36,3,2,5,Yes
3204,38,Premium,1231,19,2,3,35,No
3205,40,Basic,1006,7,1,2,25,No
3206,60,Premium,434,26,1,1,13,No
3207,33,Enterprise,874,15,2,2,29,No
3208,64,Basic,760,47,3,10,27,No
3209,32,Basic,1525,56,6,6,17,No
3210,42,Basic,237,38,1,1,37,No
3211,53,Basic,1359,3,1,6,38,No
3212,28,Enterprise,1021,38,2,1,29,No
3213,32,Basic,620,16,3,2,34,No
3214,21,Basic,1442,2,1,8,30,No
3215,38,Premium,547,31,3,6,31,No
3216,30,Basic,1769,28,7,9,22,No
3217,39,Premium,1302,7,0,1,25,No
3218,36,Basic,947,30,1,5,4,No
3219,51,Premium,472,43,4,7,35,No
3220,31,Enterprise,1384,58,3,9,9,No
3221,21,Premium,1910,7,4,9,26,No
3222,63,Enterprise,507,36,1,4,27,No
3223,44,Basic,1597,29,3,4,27,No
3224,46,Basic,1175,24,4,4,18,No
3225,64,Premium,932,52,4,3,30,No
3226,45,Premium,1232,39,3,8,31,No
3227,52,Basic,643,4,3,5,3,Yes
3228,25,Basic,1336,29,3,7,29,No
3229,33,Basic,1428,44,2,10,7,No
3230,59,Basic,604,5,2,6,18,No
3231,53,Basic,1921,55,4,9,16,No
3232,47,Premium,1052,29,3,3,32,No
3233,35,Basic,1420,30,2,6,38,No
3234,19,Basic,977,29,2,3,25,No
3235,30,Premium,1997,26,4,2,32,No
3236,21,Premium,1983,19,1,3,19,No
3237,43,Enterprise,314,26,6,2,3,Yes
3238,42,Premium,1344,37,3,2,35,No
3239,47,Basic,1876,27,2,10,29,No
3240,28,Premium,264,30,3,7,11,No
3241,24,Premium,1499,51,5,10,6,No
3242,48,Basic,1024,53,3,3,19,No
3243,61,Premium,438,30,2,8,37,No
3244,27,Enterprise,501,3,0,2,27,Yes
3245,56,Basic,1615,59,4,7,5,No
3246,30,Basic,1745,58,4,3,26,No
3247,48,Basic,1168,43,3,9,35,No
3248,24,Basic,568,7,6,7,19,No
3249,59,Basic,432,49,3,9,17,No
3250,59,Premium,394,57,1,2,35,No
3251,53,Basic,1106,9,1,6,13,No
3252,37,Enterprise,1235,53,4,5,14,No
3253,21,Premium,1120,41,3,2,30,No
3254,24,Premium,888,42,1,4,17,No
3255,18,Premium,376,13,1,4,37,No
3256,61,Basic,416,15,1,8,15,No
3257,62,Basic,1234,54,2,7,18,No
3258,59,Premium,1669,5,3,5,14,No
3259,64,Premium,829,29,1,9,14,No
3260,30,Premium,363,35,2,1,33,No
3261,39,Basic,1774,27,2,4,38,No
3262,38,Enterprise,252,27,4,5,11,No
3263,39,Basic,417,8,2,8,11,No
3264,45,Enterprise,1941,32,3,3,26,No
3265,26,Enterprise,1198,20,3,5,3,No
3266,43,Basic,1023,10,2,3,25,No
3267,26,Premium,1583,13,3,7,17,No
3268,32,Basic,584,29,2,10,22,No
3269,27,Basic,255,35,2,3,29,No
3270,41,Premium,317,54,1,7,26,No
3271,59,Premium,1099,8,5,2,34,No
3272,25,Enterprise,1476,29,8,7,26,No
3273,41,Premium,997,31,4,9,9,No
3274,33,Basic,979,41,1,5,11,No
3275,43,Premium,1215,30,5,6,7,No
3276,44,Enterprise,1002,22,4,10,30,No
3277,54,Basic,1044,21,1,3,2,Yes
3278,21,Enterprise,1403,12,5,10,30,No
3279,41,Basic,1638,11,1,5,4,No
3280,36,Premium,1458,2,3,5,14,No
3281,53,Basic,1054,50,3,3,13,No
3282,56,Basic,907,41,5,8,25,No
3283,27,Basic,1303,2,2,6,13,No
3284,42,Premium,1870,34,1,3,13,No
3285,35,Basic,221,3,1,1,37,Yes
3286,36,Basic,1700,16,0,10,6,No
3287,53,Premium,1042,51,5,1,26,No
3288,27,Enterprise,1663,4,5,10,14,No
3289,50,Basic,1960,23,2,2,8,No
3290,22,Basic,1793,57,3,10,24,No
3291,64,Basic,1316,50,3,5,22,No
3292,52,Basic,391,20,1,7,39,No
3293,61,Premium,1218,25,2,1,21,No
3294,51,Premium,1326,30,3,1,26,No
3295,50,Premium,595,18,7,4,10,Yes
3296,38,Basic,1230,42,4,10,13,No
3297,34,Premium,839,11,2,6,14,No
3298,39,Premium,1218,29,2,9,9,No
3299,54,Premium,766,17,1,1,7,Yes
3300,32,Premium,430,26,2,10,39,No
3301,52,Premium,1073,56,4,5,31,No
3302,45,Premium,773,57,1,9,16,No
3303,24,Basic,439,23,7,8,8,No
3304,49,Enterprise,289,56,1,7,15,No
3305,28,Premium,431,52,4,10,25,No
3306,27,Premium,656,48,2,2,38,No
3307,26,Basic,432,20,1,9,15,No
3308,31,Premium,553,45,7,8,25,No
3309,30,Premium,1204,2,5,10,7,Yes
3310,42,Basic,1556,24,4,10,26,No
3311,19,Basic,638,31,4,9,8,No
3312,52,Premium,1598,27,3,9,18,No
3313,24,Premium,1515,2,5,9,21,No
3314,38,Premium,544,57,2,3,16,No
3315,35,Basic,863,14,3,7,3,No
3316,20,Premium,1651,4,5,1,1,Yes
3317,59,Basic,856,49,5,9,13,No
3318,56,Basic,329,13,3,9,32,No
3319,58,Basic,340,36,2,3,12,No
3320,28,Basic,614,35,0,5,31,No
3321,56,Basic,1316,44,3,8,2,No
3322,41,Basic,825,54,2,6,8,No
3323,63,Basic,483,55,0,10,25,No
3324,36,Basic,1878,8,1,10,5,No
3325,21,Premium,422,2,1,9,2,Yes
3326,43,Basic,943,6,2,3,38,No
3327,55,Basic,662,31,3,7,39,No
3328,59,Premium,1768,54,1,6,3,No
3329,49,Basic,1499,10,2,5,38,No
3330,56,Premium,1905,44,5,4,22,No
3331,62,Basic,1363,21,6,5,33,No
3332,63,Basic,556,42,5,4,32,No
3333,53,Premium,1936,10,6,3,17,Yes
3334,57,Premium,1246,23,1,7,18,No
3335,54,Enterprise,1959,3,1,6,3,Yes
3336,50,Premium,1493,32,7,4,6,Yes
3337,53,Enterprise,1058,20,2,9,13,No
3338,20,Basic,864,10,2,1,31,No
3339,26,Basic,1556,29,3,1,17,No
3340,25,Basic,1214,41,4,9,21,No
3341,50,Basic,284,52,4,7,16,No
3342,23,Premium,820,51,2,2,17,No
3343,58,Premium,1254,46,1,10,32,No
3344,56,Basic,1964,34,3,5,1,No
3345,21,Enterprise,439,37,2,4,38,No
3346,30,Premium,562,20,4,1,8,No
3347,19,Basic,1021,8,5,9,1,No
3348,22,Basic,1612,7,1,6,2,No
3349,61,Basic,1876,6,7,6,37,No
3350,44,Basic,867,11,3,4,24,No
3351,49,Basic,1522,44,1,2,27,No
3352,38,Premium,1594,18,8,8,20,No
3353,25,Basic,298,51,2,8,21,No
3354,55,Basic,246,42,3,3,37,No
3355,25,Enterprise,1038,57,3,7,35,No
3356,20,Premium,621,29,6,7,38,No
3357,61,Enterprise,1703,25,2,5,15,No
3358,20,Basic,1802,21,4,5,30,No
3359,39,Basic,261,46,1,8,4,No
3360,23,Premium,1332,3,4,4,39,Yes
3361,19,Basic,1902,18,2,1,15,No
3362,40,Basic,1772,24,3,1,23,No
3363,61,Premium,1342,47,7,9,15,No
3364,19,Premium,1209,38,4,4,26,No
3365,55,Basic,797,10,4,1,12,No
3366,34,Basic,1605,27,5,2,18,No
3367,52,Basic,591,12,0,10,6,No
3368,51,Basic,1176,7,3,7,18,No
3369,40,Basic,1275,17,1,2,24,No
3370,47,Basic,802,1,5,1,38,Yes
3371,25,Basic,1512,58,1,10,28,No
3372,39,Enterprise,536,50,4,9,15,No
3373,61,Premium,1009,26,4,5,19,No
3374,53,Premium,1427,15,1,4,5,Yes
3375,22,Basic,1461,51,7,4,4,Yes
3376,30,Basic,1605,33,4,1,17,No
3377,46,Basic,1890,37,1,3,10,No
3378,48,Basic,951,47,1,1,12,No
3379,64,Basic,1359,31,1,5,5,No
3380,33,Premium,1630,35,5,5,7,No
3381,59,Premium,1731,1,3,9,23,No
3382,47,Premium,1585,8,1,8,2,No
3383,33,Basic,1604,12,4,5,30,No
3384,29,Enterprise,1080,59,7,5,37,No
3385,34,Basic,1799,54,1,7,5,No
3386,33,Basic,834,57,3,2,20,No
3387,29,Basic,453,19,2,7,26,No
3388,25,Premium,1700,25,1,1,39,No
3389,37,Enterprise,1337,57,3,5,6,No
3390,20,Basic,219,32,2,6,29,No
3391,33,Enterprise,727,12,4,10,10,No
3392,47,Premium,1368,13,1,1,16,No
3393,62,Basic,1431,28,3,9,34,No
3394,40,Basic,1754,1,1,9,31,No
3395,45,Basic,575,51,1,1,36,No
3396,57,Enterprise,1727,6,3,4,5,Yes
3397,22,Basic,365,8,2,8,33,No
3398,37,Premium,1773,4,7,2,19,Yes
3399,57,Basic,1404,5,6,8,32,Yes
3400,61,Premium,1060,25,1,10,23,No
3401,18,Basic,816,22,2,9,3,No
3402,47,Premium,811,28,2,9,1,No
3403,38,Premium,1825,39,2,1,36,No
3404,37,Premium,1667,23,1,9,28,No
3405,23,Enterprise,1555,4,2,4,39,Yes
3406,39,Basic,702,52,2,8,5,No
3407,35,Premium,1112,4,2,9,13,No
3408,25,Basic,278,47,2,3,11,No
3409,56,Basic,784,59,2,6,22,No
3410,49,Premium,887,21,0,3,23,No
3411,50,Basic,595,37,1,1,12,No
3412,33,Premium,1831,56,4,10,21,No
3413,29,Enterprise,1326,41,3,6,19,No
3414,55,Basic,601,2,3,5,5,Yes
3415,51,Premium,1174,59,5,3,24,No
3416,31,Basic,423,7,4,4,30,No
3417,53,Basic,717,49,0,2,8,No
3418,50,Basic,833,16,3,10,2,No
3419,40,Enterprise,435,17,2,10,34,No
3420,62,Enterprise,1650,20,3,4,23,No
3421,19,Enterprise,315,58,6,4,3,Yes
3422,58,Enterprise,1386,23,2,3,24,No
3423,38,Basic,425,34,4,6,18,No
3424,19,Basic,429,11,5,1,37,No
3425,44,Premium,381,34,6,9,31,No
3426,26,Basic,1472,33,2,10,14,No
3427,18,Basic,1541,26,3,3,1,Yes
3428,28,Basic,409,2,1,3,14,Yes
3429,20,Premium,1879,23,5,3,5,Yes
3430,40,Premium,1615,41,6,7,31,No
3431,43,Basic,295,22,4,8,31,No
3432,21,Basic,1093,58,3,2,30,No
3433,35,Premium,955,34,4,1,36,No
3434,23,Premium,1309,15,8,5,1,Yes
3435,52,Basic,614,10,2,8,3,No
3436,39,Premium,593,15,5,3,20,No
3437,60,Basic,895,42,2,6,21,No
3438,32,Basic,1856,29,4,3,30,No
3439,39,Premium,1043,57,4,6,30,No
3440,54,Premium,1724,23,2,4,5,Yes
3441,59,Basic,803,59,3,7,10,No
3442,29,Premium,781,17,5,10,24,No
3443,64,Premium,332,9,2,1,39,No
3444,59,Premium,990,50,3,1,6,Yes
3445,55,Premium,848,36,1,5,10,No
3446,35,Premium,1537,9,5,9,10,No
3447,62,Basic,1922,16,1,5,25,No
3448,52,Basic,420,36,3,4,14,No
3449,47,Basic,1175,48,2,8,39,No
3450,41,Basic,1661,51,5,5,13,No
3451,59,Premium,1269,33,6,1,11,Yes
3452,47,Premium,1415,55,1,7,39,No
3453,31,Basic,1743,31,6,4,11,Yes
3454,23,Basic,1602,6,2,10,16,No
3455,20,Basic,987,10,4,5,33,No
3456,33,Basic,890,16,2,6,32,No
3457,24,Premium,1557,4,4,7,10,No
3458,31,Basic,238,54,2,2,15,No
3459,26,Premium,1516,22,2,1,16,No
3460,32,Enterprise,889,13,3,3,27,No
3461,38,Basic,361,16,3,10,32,No
3462,52,Basic,1554,52,4,1,6,Yes
3463,19,Basic,1327,29,1,4,36,No
3464,44,Premium,360,6,1,6,8,No
3465,19,Premium,1858,26,2,5,25,No
3466,52,Basic,1277,11,1,4,7,Yes
3467,35,Premium,1257,24,3,7,17,No
3468,31,Enterprise,441,29,2,6,30,No
3469,37,Basic,1166,3,2,3,2,Yes
3470,35,Basic,1089,52,2,9,17,No
3471,27,Enterprise,312,10,0,5,4,No
3472,42,Premium,1213,1,4,10,26,No
3473,19,Enterprise,517,52,5,1,14,No
3474,42,Premium,222,43,5,6,8,No
3475,50,Premium,1781,26,5,5,5,No
3476,53,Basic,1023,58,3,10,5,No
3477,48,Premium,1870,12,2,8,5,No
3478,31,Enterprise,1341,14,3,4,27,No
3479,18,Premium,900,25,3,1,5,Yes
3480,63,Basic,1866,8,5,2,3,Yes
3481,33,Basic,1218,43,1,8,38,No
3482,63,Basic,1435,4,1,10,30,No
3483,20,Basic,1641,28,3,8,1,No
3484,52,Basic,1336,7,0,5,8,No
3485,58,Premium,1267,10,2,6,13,No
3486,23,Premium,327,51,2,2,20,No
3487,42,Basic,1075,57,1,9,6,No
3488,30,Premium,357,58,5,6,8,No
3489,51,Basic,1026,36,1,9,30,No
3490,25,Basic,1617,2,4,10,15,No
3491,38,Basic,1051,26,1,3,10,No
3492,51,Premium,711,53,5,6,33,No
3493,21,Basic,244,50,3,10,9,No
3494,42,Basic,1331,14,3,5,33,No
3495,32,Basic,418,58,1,9,9,No
3496,21,Premium,642,16,4,10,14,No
3497,62,Basic,514,54,4,1,32,No
3498,29,Premium,376,43,5,9,37,No
3499,49,Premium,427,42,0,5,6,No
3500,49,Premium,1926,17,4,1,5,Yes
3501,45,Enterprise,1895,46,1,10,4,No
3502,30,Basic,466,22,4,8,16,No
3503,48,Basic,1069,4,4,7,10,No
3504,31,Enterprise,1037,19,1,6,31,No
3505,37,Basic,1602,2,3,2,31,Yes
3506,35,Premium,688,39,1,5,14,No
3507,46,Premium,901,9,2,3,13,No
3508,23,Premium,886,19,3,2,4,Yes
3509,49,Enterprise,1513,16,1,10,26,No
3510,46,Enterprise,1195,54,2,1,24,No
3511,60,Premium,556,25,1,9,9,No
3512,19,Basic,1880,48,2,2,35,No
3513,40,Enterprise,1967,18,5,1,15,No
3514,36,Basic,1071,23,0,7,24,No
3515,48,Basic,403,53,3,9,31,No
3516,22,Enterprise,1436,21,2,6,19,No
3517,36,Basic,751,11,2,8,2,No
3518,51,Basic,522,39,3,7,2,No
3519,27,Basic,793,41,2,9,36,No
3520,42,Enterprise,380,4,3,7,37,No
3521,19,Premium,698,25,0,6,34,No
3522,28,Premium,1543,32,1,1,39,No
3523,48,Basic,282,30,7,9,19,No
3524,32,Premium,502,45,2,10,38,No
3525,26,Premium,461,59,3,5,23,No
3526,40,Basic,983,26,1,2,16,No
3527,36,Basic,1423,57,1,8,6,No
3528,26,Basic,1463,36,3,4,26,No
3529,52,Enterprise,1113,51,5,3,22,No
3530,38,Premium,891,34,1,1,24,No
3531,26,Enterprise,1143,9,0,5,21,No
3532,45,Basic,882,12,3,3,30,No
3533,63,Premium,1518,2,6,4,11,Yes
3534,24,Premium,1735,38,5,9,9,No
3535,33,Premium,888,5,4,7,12,No
3536,33,Enterprise,595,5,3,5,26,No
3537,50,Basic,1972,52,7,8,38,No
3538,21,Basic,1361,22,2,6,3,No
3539,21,Premium,1038,5,4,10,33,No
3540,56,Premium,1077,59,2,2,15,No
3541,57,Premium,1022,4,4,7,5,Yes
3542,34,Basic,1352,9,4,1,24,No
3543,54,Premium,248,29,3,3,11,No
3544,56,Basic,1899,22,6,1,33,Yes
3545,46,Basic,988,27,2,1,23,No
3546,53,Premium,492,10,7,5,10,No
3547,55,Premium,1851,16,0,6,28,No
3548,56,Basic,735,42,0,3,39,No
3549,54,Basic,510,42,4,3,17,No
3550,52,Basic,736,51,6,3,26,Yes
3551,24,Basic,838,10,5,1,25,No
3552,44,Premium,433,6,1,5,36,No
3553,45,Enterprise,1432,49,2,1,12,No
3554,39,Basic,804,5,3,10,3,Yes
3555,31,Premium,293,58,6,10,29,No
3556,24,Enterprise,526,6,5,3,24,No
3557,54,Premium,424,59,3,6,19,No
3558,39,Basic,1166,56,4,6,13,No
3559,22,Enterprise,1089,59,4,3,16,No
3560,19,Basic,210,47,2,9,27,No
3561,44,Basic,1552,25,1,8,6,No
3562,38,Basic,1235,59,5,3,10,No
3563,55,Basic,234,51,1,5,38,No
3564,32,Basic,646,50,2,5,8,No
3565,38,Basic,1675,4,4,5,18,No
3566,27,Basic,1963,40,1,3,32,No
3567,40,Premium,1443,59,5,5,17,No
3568,56,Enterprise,640,48,3,5,2,No
3569,22,Basic,852,32,4,4,20,No
3570,18,Enterprise,1758,56,2,4,10,No
3571,30,Enterprise,794,51,3,2,9,No
3572,38,Premium,428,52,2,9,39,No
3573,43,Basic,543,35,2,7,25,No
3574,62,Premium,1303,10,5,1,25,No
3575,38,Enterprise,1576,34,1,5,24,No
3576,35,Premium,1619,36,2,2,6,Yes
3577,54,Basic,1513,6,4,10,30,No
3578,62,Premium,1678,43,3,6,10,No
3579,49,Premium,1894,46,1,7,39,No
3580,53,Premium,1188,16,2,2,31,No
3581,34,Basic,1351,59,2,6,18,No
3582,52,Basic,1925,53,0,3,33,No
3583,28,Premium,1108,19,3,9,19,No
3584,38,Enterprise,1766,34,5,4,23,No
3585,43,Basic,1582,25,3,3,5,Yes
3586,21,Enterprise,726,31,6,3,26,Yes
3587,51,Basic,1536,49,2,2,29,No
3588,35,Premium,274,41,2,9,24,No
3589,57,Premium,1769,17,0,8,6,No
3590,52,Premium,395,47,4,5,39,No
3591,58,Enterprise,228,30,3,9,4,No
3592,46,Basic,905,39,5,2,26,No
3593,46,Enterprise,1220,54,3,6,15,No
3594,55,Basic,215,55,1,7,13,No
3595,59,Premium,1646,31,3,6,22,No
3596,38,Premium,1812,19,3,3,13,No
3597,59,Premium,1004,35,5,10,39,No
3598,30,Basic,1816,29,2,10,17,No
3599,58,Enterprise,1628,59,6,10,36,No
3600,34,Basic,1139,1,6,9,39,Yes
3601,26,Basic,1859,4,5,8,25,No
3602,58,Premium,1754,28,2,8,34,No
3603,18,Basic,1166,18,2,8,21,No
3604,19,Premium,1837,26,4,9,25,No
3605,46,Basic,1300,40,0,1,25,No
3606,50,Basic,428,19,3,8,22,No
3607,27,Premium,1161,55,1,2,23,No
3608,57,Premium,1520,55,3,4,25,No
3609,38,Basic,1733,57,4,1,14,No
3610,45,Premium,914,6,3,6,14,No
3611,28,Premium,1183,1,1,10,26,No
3612,51,Premium,772,8,2,1,30,No
3613,25,Basic,1761,33,2,5,26,No
3614,39,Premium,1806,51,2,9,38,No
3615,25,Premium,814,43,1,1,22,No
3616,32,Premium,525,21,2,9,39,No
3617,34,Basic,1586,24,1,4,39,No
3618,40,Premium,1892,25,2,3,34,No
3619,41,Premium,1074,47,1,8,25,No
3620,62,Premium,558,55,4,6,36,No
3621,36,Basic,1929,57,0,7,13,No
3622,22,Enterprise,523,43,5,9,29,No
3623,49,Premium,1921,19,1,5,9,No
3624,61,Basic,1549,29,4,2,15,No
3625,18,Basic,1848,53,3,3,31,No
3626,40,Enterprise,364,10,1,3,27,No
3627,54,Basic,1796,56,4,4,31,No
3628,25,Enterprise,1827,12,3,10,10,No
3629,30,Premium,997,33,1,7,37,No
3630,25,Premium,654,56,2,10,7,No
3631,40,Basic,1376,7,1,6,32,No
3632,60,Basic,1960,17,3,3,11,No
3633,18,Enterprise,1350,58,3,7,28,No
3634,62,Basic,392,10,2,4,4,Yes
3635,41,Premium,826,31,4,10,31,No
3636,52,Basic,1997,6,4,8,29,No
3637,41,Basic,729,17,1,7,33,No
3638,34,Basic,1233,50,2,7,4,No
3639,22,Premium,291,37,3,9,26,No
3640,37,Enterprise,338,18,3,8,31,No
3641,38,Basic,680,26,3,1,31,No
3642,57,Basic,648,49,2,7,27,No
3643,48,Basic,1556,54,1,3,25,No
3644,63,Premium,1068,16,2,4,36,No
3645,53,Basic,539,8,5,6,31,No
3646,28,Enterprise,1275,24,6,5,37,No
3647,32,Premium,1930,13,2,8,23,No
3648,36,Premium,665,29,4,2,35,No
3649,24,Basic,917,32,4,5,4,No
3650,45,Enterprise,998,24,1,5,28,No
3651,60,Basic,674,16,5,3,13,No
3652,22,Basic,600,11,4,10,1,No
3653,22,Premium,1662,32,0,5,12,No
3654,47,Premium,804,6,3,4,26,No
3655,49,Basic,1131,59,6,5,23,No
3656,25,Basic,1196,35,0,10,22,No
3657,27,Premium,1121,33,4,9,28,No
3658,55,Basic,1020,18,1,7,17,No
3659,64,Premium,856,37,3,1,6,Yes
3660,49,Premium,797,13,2,3,14,No
3661,45,Basic,1732,10,0,9,17,No
3662,34,Basic,1376,37,5,4,38,No
3663,48,Basic,713,26,2,4,5,Yes
3664,25,Premium,1726,46,4,10,13,No
3665,57,Premium,1995,17,2,6,9,No
3666,42,Basic,1899,1,4,3,26,Yes
3667,26,Premium,1229,25,3,3,13,No
3668,19,Enterprise,699,34,4,9,19,No
3669,32,Basic,1884,39,1,5,17,No
3670,20,Enterprise,916,10,0,7,16,No
3671,53,Basic,1341,20,8,5,30,No
3672,21,Basic,1708,7,3,6,32,No
3673,31,Basic,800,56,3,8,14,No
3674,58,Basic,865,16,4,8,15,No
3675,58,Basic,1902,37,2,2,12,No
3676,42,Basic,667,29,2,9,37,No
3677,27,Enterprise,360,12,3,10,11,No
3678,38,Premium,469,17,1,6,5,No
3679,53,Premium,1279,48,3,7,11,No
3680,29,Basic,427,20,5,3,34,No
3681,44,Basic,1048,26,4,4,19,No
3682,57,Basic,348,48,8,6,26,No
3683,19,Premium,1269,19,4,7,26,No
3684,30,Enterprise,1367,58,3,6,17,No
3685,49,Basic,1973,47,1,5,31,No
3686,48,Basic,831,12,2,2,19,No
3687,33,Premium,1563,21,5,7,20,No
3688,49,Basic,612,42,2,5,23,No
3689,49,Basic,1955,58,6,9,25,No
3690,51,Premium,719,54,3,4,28,No
3691,28,Premium,1567,34,5,10,37,No
3692,27,Basic,586,7,2,2,12,No
3693,32,Basic,1696,45,2,7,1,No
3694,34,Enterprise,474,35,5,7,2,No
3695,57,Basic,552,15,5,1,10,No
3696,35,Basic,1289,1,4,5,34,No
3697,26,Basic,1302,26,4,3,32,No
3698,42,Basic,797,35,0,9,25,No
3699,57,Basic,1859,25,3,9,10,No
3700,31,Premium,1425,42,4,7,1,No
3701,42,Basic,1885,59,4,9,32,No
3702,39,Basic,757,59,4,2,37,No
3703,47,Premium,312,15,4,10,12,No
3704,37,Premium,1314,22,0,8,18,No
3705,38,Enterprise,340,59,6,10,30,No
3706,61,Enterprise,1512,6,4,10,13,No
3707,49,Basic,929,52,1,10,3,No
3708,63,Premium,788,15,2,1,21,No
3709,38,Basic,610,24,2,3,14,No
3710,52,Enterprise,576,21,1,8,10,No
3711,49,Basic,1607,7,3,8,2,No
3712,47,Enterprise,1375,57,5,10,37,No
3713,56,Premium,950,29,3,8,11,No
3714,29,Basic,826,32,5,7,1,No
3715,58,Premium,1542,32,0,2,26,No
3716,64,Enterprise,1592,53,6,3,13,Yes
3717,35,Enterprise,1829,59,2,9,28,No
3718,38,Basic,1194,5,4,2,36,Yes
3719,30,Premium,1783,4,3,7,21,No
3720,38,Basic,902,22,1,1,10,No
3721,25,Basic,661,18,2,3,12,No
3722,63,Basic,211,35,4,1,27,No
3723,57,Basic,1379,17,4,6,3,No
3724,63,Premium,1907,50,4,4,28,No
3725,24,Basic,676,50,7,1,2,Yes
3726,40,Premium,1138,56,6,5,28,No
3727,61,Basic,600,24,1,4,31,No
3728,49,Basic,1007,2,6,10,21,Yes
3729,28,Basic,376,13,2,10,7,No
3730,39,Basic,1564,54,4,2,31,No
3731,39,Basic,256,15,6,7,14,No
3732,60,Basic,647,5,2,8,39,No
3733,42,Premium,402,3,1,4,39,Yes
3734,39,Basic,1920,37,4,9,9,No
3735,45,Basic,1856,37,3,3,23,No
3736,46,Basic,937,37,2,6,12,No
3737,30,Enterprise,401,3,2,7,29,No
3738,35,Enterprise,1553,35,6,7,38,No
3739,19,Basic,562,52,3,6,39,No
3740,46,Basic,1091,23,4,9,22,No
3741,38,Basic,653,28,3,1,4,Yes
3742,32,Enterprise,555,30,4,9,7,No
3743,44,Basic,415,18,5,9,8,No
3744,48,Basic,1171,58,2,4,35,No
3745,32,Basic,754,52,3,5,9,No
3746,40,Basic,1086,36,2,3,13,No
3747,41,Basic,222,33,3,7,39,No
3748,61,Premium,354,26,3,2,20,No
3749,30,Basic,1409,48,3,8,21,No
3750,39,Premium,448,40,2,9,19,No
3751,60,Basic,948,17,4,6,2,No
3752,54,Basic,1004,40,2,9,30,No
3753,50,Enterprise,333,7,5,6,23,No
3754,20,Basic,520,57,3,3,13,No
3755,36,Premium,589,8,1,10,33,No
3756,40,Premium,633,53,3,3,32,No
3757,46,Basic,1245,56,1,2,28,No
3758,47,Enterprise,1072,31,3,5,24,No
3759,56,Basic,1823,59,2,4,28,No
3760,61,Enterprise,1888,58,2,6,30,No
3761,64,Basic,1348,12,4,5,29,No
3762,42,Enterprise,1302,48,0,6,34,No
3763,54,Basic,1057,31,1,4,22,No
3764,64,Premium,250,44,6,3,25,Yes
3765,25,Premium,1951,19,3,1,14,No
3766,59,Enterprise,375,10,2,5,10,No
3767,33,Enterprise,1069,39,3,6,10,No
3768,25,Premium,452,12,2,5,8,No
3769,18,Enterprise,1165,20,4,5,14,No
3770,61,Basic,1469,37,0,6,38,No
3771,22,Basic,938,48,1,4,32,No
3772,20,Basic,1329,41,5,4,32,No
3773,18,Basic,1416,7,2,8,3,No
3774,21,Basic,1539,52,6,8,20,No
3775,57,Premium,501,54,4,3,13,No
3776,52,Basic,747,58,3,7,23,No
3777,49,Premium,915,14,4,5,19,No
3778,59,Basic,978,11,1,5,16,No
3779,51,Basic,467,7,6,3,36,Yes
3780,60,Premium,1393,29,5,2,35,No
3781,42,Premium,1209,10,5,3,7,Yes
3782,27,Premium,750,29,4,7,37,No
3783,38,Premium,1678,9,2,3,8,No
3784,63,Basic,1874,36,6,2,25,Yes
3785,56,Premium,1515,48,4,4,23,No
3786,44,Basic,1787,10,2,5,10,No
3787,44,Basic,1364,19,6,7,30,No
3788,19,Basic,1369,56,2,1,33,No
3789,58,Basic,1648,31,4,8,11,No
3790,30,Basic,513,17,5,10,35,No
3791,26,Enterprise,383,9,1,3,27,No
3792,53,Enterprise,1887,45,2,6,3,No
3793,39,Basic,912,33,0,4,8,No
3794,59,Basic,327,34,4,5,13,No
3795,43,Basic,1510,45,0,10,3,No
3796,29,Basic,1476,24,2,6,20,No
3797,34,Enterprise,899,9,1,2,35,No
3798,31,Basic,585,7,4,3,13,No
3799,31,Premium,1453,16,0,8,20,No
3800,51,Basic,470,19,3,8,24,No
3801,37,Enterprise,1994,39,1,1,9,No
3802,28,Basic,1010,6,1,10,30,No
3803,33,Premium,614,50,2,8,25,No
3804,48,Basic,397,51,1,2,16,No
3805,23,Premium,1546,11,1,10,8,No
3806,36,Basic,1279,12,3,10,28,No
3807,54,Basic,1030,58,3,8,12,No
3808,21,Enterprise,1426,42,7,10,24,No
3809,64,Enterprise,1844,13,2,5,29,No
3810,21,Enterprise,827,12,5,1,15,No
3811,37,Premium,803,21,3,8,18,No
3812,27,Premium,1361,10,1,5,7,No
3813,41,Basic,1645,20,1,1,13,No
3814,52,Basic,1280,50,1,4,19,No
3815,43,Basic,1785,36,3,1,5,Yes
3816,54,Premium,1209,28,4,9,26,No
3817,55,Basic,270,24,5,10,2,No
3818,38,Basic,1110,5,1,2,33,Yes
3819,57,Premium,793,37,5,8,37,No
3820,56,Premium,1595,12,4,4,25,No
3821,38,Basic,1840,58,3,9,25,No
3822,27,Basic,799,35,4,2,39,No
3823,55,Basic,713,40,3,3,30,No
3824,63,Basic,283,54,3,2,4,Yes
3825,21,Basic,1193,2,6,10,19,Yes
3826,62,Premium,1266,50,2,5,27,No
3827,37,Premium,1889,41,4,1,39,No
3828,34,Premium,1038,45,6,3,24,Yes
3829,24,Basic,805,39,5,1,37,No
3830,21,Premium,1009,42,1,10,25,No
3831,46,Basic,332,9,4,8,29,No
3832,31,Basic,1618,22,4,4,31,No
3833,20,Premium,1288,47,1,3,35,No
3834,41,Basic,489,5,2,8,28,No
3835,54,Basic,575,12,1,9,38,No
3836,33,Enterprise,968,1,1,8,4,Yes
3837,21,Basic,666,44,0,6,28,No
3838,41,Premium,1436,22,2,3,31,No
3839,51,Basic,1371,38,3,8,23,No
3840,47,Premium,1796,51,1,5,14,No
3841,35,Basic,670,19,5,5,28,No
3842,36,Basic,348,16,4,9,14,No
3843,48,Premium,287,31,2,1,1,Yes
3844,36,Basic,1547,51,4,7,32,No
3845,63,Basic,595,3,4,8,18,No
3846,36,Basic,989,23,5,10,5,No
3847,39,Basic,1627,42,4,3,15,No
3848,41,Basic,1305,59,3,8,16,No
3849,62,Basic,1864,18,2,1,36,No
3850,29,Enterprise,1509,26,3,8,36,No
3851,47,Basic,1605,13,2,7,30,No
3852,55,Basic,1064,58,3,4,38,No
3853,48,Basic,1493,18,2,7,23,No
3854,53,Basic,1515,3,3,10,11,No
3855,36,Enterprise,1676,58,2,7,25,No
3856,62,Basic,1938,23,3,10,2,No
3857,53,Enterprise,223,3,4,1,35,Yes
3858,47,Basic,1155,55,2,3,24,No
3859,50,Premium,510,25,3,7,13,No
3860,35,Premium,1684,27,0,5,37,No
3861,45,Enterprise,1431,58,2,9,30,No
3862,64,Premium,1940,44,4,7,11,No
3863,28,Premium,863,27,5,3,23,No
3864,62,Basic,637,52,3,1,28,No
3865,50,Basic,1761,39,4,5,29,No
3866,34,Enterprise,905,25,2,10,15,No
3867,23,Basic,1559,24,4,5,3,No
3868,21,Basic,621,8,2,7,9,No
3869,37,Premium,1973,9,2,1,8,No
3870,64,Basic,520,46,2,10,33,No
3871,44,Enterprise,1720,37,2,2,34,No
3872,32,Premium,786,30,3,6,9,No
3873,23,Premium,1146,53,2,8,17,No
3874,64,Enterprise,1386,19,3,4,1,Yes
3875,31,Basic,1764,53,0,3,5,Yes
3876,28,Basic,1388,16,6,3,30,Yes
3877,56,Basic,1048,24,6,3,11,Yes
3878,26,Basic,1921,44,0,2,28,No
3879,43,Premium,1789,21,4,1,38,No
3880,33,Enterprise,1518,36,3,5,17,No
3881,22,Basic,241,40,5,10,23,No
3882,27,Basic,1508,39,1,5,18,No
3883,20,Enterprise,1138,47,1,5,37,No
3884,30,Basic,586,6,4,4,27,No
3885,60,Basic,1361,5,6,3,25,Yes
3886,47,Basic,1410,14,2,3,5,Yes
3887,62,Enterprise,1109,53,3,2,19,No
3888,23,Premium,915,45,1,5,27,No
3889,34,Premium,630,42,4,4,13,No
3890,62,Premium,753,50,3,6,7,No
3891,36,Basic,1639,4,4,2,26,Yes
3892,59,Basic,999,8,1,2,14,No
3893,52,Premium,625,24,4,8,27,No
3894,63,Basic,1639,11,3,6,8,No
3895,43,Premium,225,17,4,3,31,No
3896,22,Enterprise,1594,50,2,5,35,No
3897,46,Premium,584,21,2,3,27,No
3898,54,Premium,255,57,1,2,4,Yes
3899,37,Premium,1476,26,1,3,4,Yes
3900,38,Premium,833,43,2,1,18,No
3901,27,Basic,305,48,2,7,23,No
3902,22,Basic,1353,44,2,6,32,No
3903,53,Basic,1048,45,5,5,12,No
3904,23,Premium,869,27,2,6,20,No
3905,43,Basic,575,16,4,8,12,No
3906,21,Premium,942,55,4,3,8,No
3907,56,Basic,1166,26,1,3,22,No
3908,56,Premium,507,53,3,5,27,No
3909,52,Basic,290,33,2,5,17,No
3910,18,Premium,1616,31,6,1,32,Yes
3911,41,Premium,1757,48,2,4,33,No
3912,53,Basic,1001,47,3,9,31,No
3913,23,Basic,309,6,2,8,6,No
3914,58,Premium,1784,44,3,3,39,No
3915,63,Basic,1864,8,3,5,9,No
3916,61,Basic,784,7,1,5,32,No
3917,48,Enterprise,539,34,5,7,36,No
3918,37,Premium,1788,44,5,8,16,No
3919,41,Enterprise,1178,53,1,9,12,No
3920,42,Basic,555,14,0,7,3,No
3921,53,Basic,367,16,3,2,27,No
3922,38,Enterprise,756,43,4,8,27,No
3923,47,Premium,1675,52,5,8,9,No
3924,41,Premium,1104,9,2,2,17,No
3925,61,Basic,304,10,3,6,5,No
3926,59,Basic,349,17,1,10,26,No
3927,47,Basic,345,12,5,1,21,No
3928,39,Basic,915,6,1,7,1,No
3929,45,Basic,1073,19,1,10,1,No
3930,24,Basic,498,43,4,2,35,No
3931,52,Enterprise,1390,41,4,5,9,No
3932,45,Basic,1936,53,1,7,23,No
3933,31,Premium,845,29,3,10,38,No
3934,27,Premium,922,6,3,9,4,No
3935,33,Premium,1271,59,10,1,19,Yes
3936,33,Basic,837,25,2,9,37,No
3937,48,Premium,438,57,2,5,5,No
3938,59,Premium,1230,24,2,6,28,No
3939,42,Premium,663,25,3,8,23,No
3940,30,Premium,652,16,2,2,38,No
3941,23,Enterprise,983,52,1,7,23,No
3942,61,Premium,1096,16,5,4,18,No
3943,26,Basic,570,6,2,9,29,No
3944,62,Premium,1772,37,5,6,28,No
3945,53,Basic,686,21,1,7,9,No
3946,60,Enterprise,1434,4,4,6,39,No
3947,37,Basic,364,34,7,8,10,No
3948,35,Basic,1348,28,3,6,2,No
3949,60,Premium,1560,38,3,7,13,No
3950,38,Premium,391,41,1,8,38,No
3951,21,Basic,929,28,4,1,27,No
3952,50,Basic,413,17,7,10,20,No
3953,44,Enterprise,773,14,2,4,10,No
3954,24,Basic,1551,7,10,6,16,No
3955,23,Enterprise,1156,22,2,1,15,No
3956,32,Basic,580,51,5,4,13,No
3957,35,Premium,872,1,0,6,38,No
3958,49,Premium,1801,29,6,7,20,No
3959,28,Basic,997,52,4,6,24,No
3960,37,Basic,438,31,3,4,7,Yes
3961,41,Basic,1755,30,2,7,23,No
3962,32,Premium,899,57,2,10,24,No
3963,24,Premium,1305,15,3,2,29,No
3964,38,Premium,1586,18,4,6,5,No
3965,59,Basic,704,35,3,5,35,No
3966,43,Basic,401,50,1,2,1,Yes
3967,61,Basic,1119,30,2,9,36,No
3968,31,Basic,1727,34,6,7,18,No
3969,54,Premium,1867,42,5,3,6,Yes
3970,38,Enterprise,236,11,2,7,23,No
3971,35,Premium,843,27,3,6,10,No
3972,22,Basic,1812,24,2,7,7,No
3973,20,Enterprise,1824,35,2,4,8,No
3974,40,Premium,1625,39,3,10,13,No
3975,43,Enterprise,964,8,3,8,30,No
3976,54,Premium,905,51,4,8,18,No
3977,41,Basic,1399,18,5,7,14,No
3978,36,Basic,744,13,1,7,11,No
3979,42,Premium,1793,45,2,10,38,No
3980,38,Basic,1690,24,2,8,13,No
3981,29,Basic,1424,51,0,1,33,No
3982,58,Premium,739,23,3,6,13,No
3983,50,Premium,1770,12,5,2,25,No
3984,21,Premium,1216,49,7,1,24,Yes
3985,59,Basic,1860,30,1,10,29,No
3986,24,Basic,593,31,3,7,36,No
3987,39,Premium,1032,28,3,6,6,No
3988,50,Enterprise,1265,22,4,5,18,No
3989,34,Premium,796,44,4,5,28,No
3990,41,Enterprise,592,28,3,9,5,No
3991,51,Premium,899,13,3,9,18,No
3992,45,Premium,1846,25,3,6,37,No
3993,60,Basic,640,44,0,3,7,Yes
3994,58,Premium,1840,51,8,7,9,No
3995,56,Premium,1729,46,3,4,35,No
3996,39,Premium,1117,7,1,5,12,No
3997,34,Basic,519,45,4,7,39,No
3998,51,Premium,752,6,4,7,24,No
3999,23,Basic,1438,24,3,10,9,No
4000,63,Premium,1294,19,5,8,12,No
